2025-09-26 09:16:51,306 INFO main - MCP CALL GET /health q={} body=b''
2025-09-26 09:16:51,311 INFO main - MCP RESP GET /health status=200
2025-09-26 09:16:58,248 INFO main - MCP CALL GET /tools q={} body=b''
2025-09-26 09:16:58,250 INFO main - MCP RESP GET /tools status=200
2025-09-26 09:16:58,339 INFO main - MCP CALL POST /tools/repo_snapshot q={} body=b''
2025-09-26 09:17:21,595 INFO main - MCP CALL GET /health q={} body=b''
2025-09-26 09:17:21,602 INFO main - MCP RESP GET /health status=200
2025-09-26 09:17:24,743 ERROR main - MCP ERROR POST /tools/repo_snapshot: tar failed: rc=1
Traceback (most recent call last):
  File "/usr/local/lib/python3.11/site-packages/anyio/streams/memory.py", line 105, in receive
    return self.receive_nowait()
           ^^^^^^^^^^^^^^^^^^^^^
  File "/usr/local/lib/python3.11/site-packages/anyio/streams/memory.py", line 100, in receive_nowait
    raise WouldBlock
anyio.WouldBlock

During handling of the above exception, another exception occurred:

Traceback (most recent call last):
  File "/usr/local/lib/python3.11/site-packages/anyio/streams/memory.py", line 118, in receive
    return receiver.item
           ^^^^^^^^^^^^^
AttributeError: 'MemoryObjectItemReceiver' object has no attribute 'item'

During handling of the above exception, another exception occurred:

Traceback (most recent call last):
  File "/usr/local/lib/python3.11/site-packages/starlette/middleware/base.py", line 159, in call_next
    message = await recv_stream.receive()
              ^^^^^^^^^^^^^^^^^^^^^^^^^^^
  File "/usr/local/lib/python3.11/site-packages/anyio/streams/memory.py", line 120, in receive
    raise EndOfStream
anyio.EndOfStream

During handling of the above exception, another exception occurred:

Traceback (most recent call last):
  File "/app/main.py", line 29, in audit_log
    response = await call_next(request)
               ^^^^^^^^^^^^^^^^^^^^^^^^
  File "/usr/local/lib/python3.11/site-packages/starlette/middleware/base.py", line 165, in call_next
    raise app_exc
  File "/usr/local/lib/python3.11/site-packages/starlette/middleware/base.py", line 151, in coro
    await self.app(scope, receive_or_disconnect, send_no_error)
  File "/usr/local/lib/python3.11/site-packages/starlette/middleware/exceptions.py", line 65, in __call__
    await wrap_app_handling_exceptions(self.app, conn)(scope, receive, send)
  File "/usr/local/lib/python3.11/site-packages/starlette/_exception_handler.py", line 64, in wrapped_app
    raise exc
  File "/usr/local/lib/python3.11/site-packages/starlette/_exception_handler.py", line 53, in wrapped_app
    await app(scope, receive, sender)
  File "/usr/local/lib/python3.11/site-packages/starlette/routing.py", line 756, in __call__
    await self.middleware_stack(scope, receive, send)
  File "/usr/local/lib/python3.11/site-packages/starlette/routing.py", line 776, in app
    await route.handle(scope, receive, send)
  File "/usr/local/lib/python3.11/site-packages/starlette/routing.py", line 297, in handle
    await self.app(scope, receive, send)
  File "/usr/local/lib/python3.11/site-packages/starlette/routing.py", line 77, in app
    await wrap_app_handling_exceptions(app, request)(scope, receive, send)
  File "/usr/local/lib/python3.11/site-packages/starlette/_exception_handler.py", line 64, in wrapped_app
    raise exc
  File "/usr/local/lib/python3.11/site-packages/starlette/_exception_handler.py", line 53, in wrapped_app
    await app(scope, receive, sender)
  File "/usr/local/lib/python3.11/site-packages/starlette/routing.py", line 72, in app
    response = await func(request)
               ^^^^^^^^^^^^^^^^^^^
  File "/usr/local/lib/python3.11/site-packages/fastapi/routing.py", line 278, in app
    raw_response = await run_endpoint_function(
                   ^^^^^^^^^^^^^^^^^^^^^^^^^^^^
  File "/usr/local/lib/python3.11/site-packages/fastapi/routing.py", line 191, in run_endpoint_function
    return await dependant.call(**values)
           ^^^^^^^^^^^^^^^^^^^^^^^^^^^^^^
  File "/app/main.py", line 85, in tool_repo_snapshot
    return await repo_snapshot("/srv/mark", label)
           ^^^^^^^^^^^^^^^^^^^^^^^^^^^^^^^^^^^^^^^
  File "/app/mark_mcp/repo_tools.py", line 29, in repo_snapshot
    await _tar_dir(src, out)
  File "/app/mark_mcp/repo_tools.py", line 19, in _tar_dir
    raise RuntimeError(f"tar failed: rc={proc.returncode}")
RuntimeError: tar failed: rc=1
2025-09-26 09:17:24,802 INFO main - MCP CALL POST /tools/fs_write q={} body=b'{"path":"/srv/mark/README_AUTOGEN.txt","content":"hello from mcp"}'
2025-09-26 09:17:51,849 INFO main - MCP CALL GET /health q={} body=b''
2025-09-26 09:17:51,858 INFO main - MCP RESP GET /health status=200
2025-09-26 09:18:13,167 ERROR main - MCP ERROR POST /tools/fs_write: tar failed: rc=1
Traceback (most recent call last):
  File "/usr/local/lib/python3.11/site-packages/anyio/streams/memory.py", line 105, in receive
    return self.receive_nowait()
           ^^^^^^^^^^^^^^^^^^^^^
  File "/usr/local/lib/python3.11/site-packages/anyio/streams/memory.py", line 100, in receive_nowait
    raise WouldBlock
anyio.WouldBlock

During handling of the above exception, another exception occurred:

Traceback (most recent call last):
  File "/usr/local/lib/python3.11/site-packages/anyio/streams/memory.py", line 118, in receive
    return receiver.item
           ^^^^^^^^^^^^^
AttributeError: 'MemoryObjectItemReceiver' object has no attribute 'item'

During handling of the above exception, another exception occurred:

Traceback (most recent call last):
  File "/usr/local/lib/python3.11/site-packages/starlette/middleware/base.py", line 159, in call_next
    message = await recv_stream.receive()
              ^^^^^^^^^^^^^^^^^^^^^^^^^^^
  File "/usr/local/lib/python3.11/site-packages/anyio/streams/memory.py", line 120, in receive
    raise EndOfStream
anyio.EndOfStream

During handling of the above exception, another exception occurred:

Traceback (most recent call last):
  File "/app/main.py", line 29, in audit_log
    response = await call_next(request)
               ^^^^^^^^^^^^^^^^^^^^^^^^
  File "/usr/local/lib/python3.11/site-packages/starlette/middleware/base.py", line 165, in call_next
    raise app_exc
  File "/usr/local/lib/python3.11/site-packages/starlette/middleware/base.py", line 151, in coro
    await self.app(scope, receive_or_disconnect, send_no_error)
  File "/usr/local/lib/python3.11/site-packages/starlette/middleware/exceptions.py", line 65, in __call__
    await wrap_app_handling_exceptions(self.app, conn)(scope, receive, send)
  File "/usr/local/lib/python3.11/site-packages/starlette/_exception_handler.py", line 64, in wrapped_app
    raise exc
  File "/usr/local/lib/python3.11/site-packages/starlette/_exception_handler.py", line 53, in wrapped_app
    await app(scope, receive, sender)
  File "/usr/local/lib/python3.11/site-packages/starlette/routing.py", line 756, in __call__
    await self.middleware_stack(scope, receive, send)
  File "/usr/local/lib/python3.11/site-packages/starlette/routing.py", line 776, in app
    await route.handle(scope, receive, send)
  File "/usr/local/lib/python3.11/site-packages/starlette/routing.py", line 297, in handle
    await self.app(scope, receive, send)
  File "/usr/local/lib/python3.11/site-packages/starlette/routing.py", line 77, in app
    await wrap_app_handling_exceptions(app, request)(scope, receive, send)
  File "/usr/local/lib/python3.11/site-packages/starlette/_exception_handler.py", line 64, in wrapped_app
    raise exc
  File "/usr/local/lib/python3.11/site-packages/starlette/_exception_handler.py", line 53, in wrapped_app
    await app(scope, receive, sender)
  File "/usr/local/lib/python3.11/site-packages/starlette/routing.py", line 72, in app
    response = await func(request)
               ^^^^^^^^^^^^^^^^^^^
  File "/usr/local/lib/python3.11/site-packages/fastapi/routing.py", line 278, in app
    raw_response = await run_endpoint_function(
                   ^^^^^^^^^^^^^^^^^^^^^^^^^^^^
  File "/usr/local/lib/python3.11/site-packages/fastapi/routing.py", line 191, in run_endpoint_function
    return await dependant.call(**values)
           ^^^^^^^^^^^^^^^^^^^^^^^^^^^^^^
  File "/app/main.py", line 79, in tool_fs_write
    return await fs_write(path, content, mode)
           ^^^^^^^^^^^^^^^^^^^^^^^^^^^^^^^^^^^
  File "/app/mark_mcp/fs_tools.py", line 88, in fs_write
    await ensure_prechange_snapshot()
  File "/app/mark_mcp/repo_tools.py", line 37, in ensure_prechange_snapshot
    await repo_snapshot(root, label="pre-change")
  File "/app/mark_mcp/repo_tools.py", line 29, in repo_snapshot
    await _tar_dir(src, out)
  File "/app/mark_mcp/repo_tools.py", line 19, in _tar_dir
    raise RuntimeError(f"tar failed: rc={proc.returncode}")
RuntimeError: tar failed: rc=1
2025-09-26 09:18:13,259 INFO main - MCP CALL POST /tools/compose_cmd q={} body=b'{"cmd":"ps"}'
2025-09-26 09:18:13,284 ERROR main - MCP ERROR POST /tools/compose_cmd: [Errno 2] No such file or directory
Traceback (most recent call last):
  File "/usr/local/lib/python3.11/site-packages/anyio/streams/memory.py", line 105, in receive
    return self.receive_nowait()
           ^^^^^^^^^^^^^^^^^^^^^
  File "/usr/local/lib/python3.11/site-packages/anyio/streams/memory.py", line 100, in receive_nowait
    raise WouldBlock
anyio.WouldBlock

During handling of the above exception, another exception occurred:

Traceback (most recent call last):
  File "/usr/local/lib/python3.11/site-packages/anyio/streams/memory.py", line 118, in receive
    return receiver.item
           ^^^^^^^^^^^^^
AttributeError: 'MemoryObjectItemReceiver' object has no attribute 'item'

During handling of the above exception, another exception occurred:

Traceback (most recent call last):
  File "/usr/local/lib/python3.11/site-packages/starlette/middleware/base.py", line 159, in call_next
    message = await recv_stream.receive()
              ^^^^^^^^^^^^^^^^^^^^^^^^^^^
  File "/usr/local/lib/python3.11/site-packages/anyio/streams/memory.py", line 120, in receive
    raise EndOfStream
anyio.EndOfStream

During handling of the above exception, another exception occurred:

Traceback (most recent call last):
  File "/app/main.py", line 29, in audit_log
    response = await call_next(request)
               ^^^^^^^^^^^^^^^^^^^^^^^^
  File "/usr/local/lib/python3.11/site-packages/starlette/middleware/base.py", line 165, in call_next
    raise app_exc
  File "/usr/local/lib/python3.11/site-packages/starlette/middleware/base.py", line 151, in coro
    await self.app(scope, receive_or_disconnect, send_no_error)
  File "/usr/local/lib/python3.11/site-packages/starlette/middleware/exceptions.py", line 65, in __call__
    await wrap_app_handling_exceptions(self.app, conn)(scope, receive, send)
  File "/usr/local/lib/python3.11/site-packages/starlette/_exception_handler.py", line 64, in wrapped_app
    raise exc
  File "/usr/local/lib/python3.11/site-packages/starlette/_exception_handler.py", line 53, in wrapped_app
    await app(scope, receive, sender)
  File "/usr/local/lib/python3.11/site-packages/starlette/routing.py", line 756, in __call__
    await self.middleware_stack(scope, receive, send)
  File "/usr/local/lib/python3.11/site-packages/starlette/routing.py", line 776, in app
    await route.handle(scope, receive, send)
  File "/usr/local/lib/python3.11/site-packages/starlette/routing.py", line 297, in handle
    await self.app(scope, receive, send)
  File "/usr/local/lib/python3.11/site-packages/starlette/routing.py", line 77, in app
    await wrap_app_handling_exceptions(app, request)(scope, receive, send)
  File "/usr/local/lib/python3.11/site-packages/starlette/_exception_handler.py", line 64, in wrapped_app
    raise exc
  File "/usr/local/lib/python3.11/site-packages/starlette/_exception_handler.py", line 53, in wrapped_app
    await app(scope, receive, sender)
  File "/usr/local/lib/python3.11/site-packages/starlette/routing.py", line 72, in app
    response = await func(request)
               ^^^^^^^^^^^^^^^^^^^
  File "/usr/local/lib/python3.11/site-packages/fastapi/routing.py", line 278, in app
    raw_response = await run_endpoint_function(
                   ^^^^^^^^^^^^^^^^^^^^^^^^^^^^
  File "/usr/local/lib/python3.11/site-packages/fastapi/routing.py", line 191, in run_endpoint_function
    return await dependant.call(**values)
           ^^^^^^^^^^^^^^^^^^^^^^^^^^^^^^
  File "/app/main.py", line 99, in tool_compose_cmd
    return await compose_cmd(cmd, service, flags)
           ^^^^^^^^^^^^^^^^^^^^^^^^^^^^^^^^^^^^^^
  File "/app/mark_mcp/docker_tools.py", line 27, in compose_cmd
    proc = await asyncio.create_subprocess_exec(*args, cwd=_project_root(), stdout=asyncio.subprocess.PIPE, stderr=asyncio.subprocess.STDOUT)
           ^^^^^^^^^^^^^^^^^^^^^^^^^^^^^^^^^^^^^^^^^^^^^^^^^^^^^^^^^^^^^^^^^^^^^^^^^^^^^^^^^^^^^^^^^^^^^^^^^^^^^^^^^^^^^^^^^^^^^^^^^^^^^^^^^^
  File "/usr/local/lib/python3.11/asyncio/subprocess.py", line 223, in create_subprocess_exec
    transport, protocol = await loop.subprocess_exec(
                          ^^^^^^^^^^^^^^^^^^^^^^^^^^^
  File "uvloop/loop.pyx", line 2841, in subprocess_exec
  File "uvloop/loop.pyx", line 2799, in __subprocess_run
  File "uvloop/handles/process.pyx", line 611, in uvloop.loop.UVProcessTransport.new
  File "uvloop/handles/process.pyx", line 112, in uvloop.loop.UVProcess._init
FileNotFoundError: [Errno 2] No such file or directory
2025-09-26 09:18:13,385 INFO main - MCP CALL GET /tools/compose_logs q={'service': 'app', 'tail': '5'} body=b''
2025-09-26 09:18:13,393 ERROR main - MCP ERROR GET /tools/compose_logs: [Errno 2] No such file or directory
Traceback (most recent call last):
  File "/usr/local/lib/python3.11/site-packages/anyio/streams/memory.py", line 105, in receive
    return self.receive_nowait()
           ^^^^^^^^^^^^^^^^^^^^^
  File "/usr/local/lib/python3.11/site-packages/anyio/streams/memory.py", line 100, in receive_nowait
    raise WouldBlock
anyio.WouldBlock

During handling of the above exception, another exception occurred:

Traceback (most recent call last):
  File "/usr/local/lib/python3.11/site-packages/anyio/streams/memory.py", line 118, in receive
    return receiver.item
           ^^^^^^^^^^^^^
AttributeError: 'MemoryObjectItemReceiver' object has no attribute 'item'

During handling of the above exception, another exception occurred:

Traceback (most recent call last):
  File "/usr/local/lib/python3.11/site-packages/starlette/middleware/base.py", line 159, in call_next
    message = await recv_stream.receive()
              ^^^^^^^^^^^^^^^^^^^^^^^^^^^
  File "/usr/local/lib/python3.11/site-packages/anyio/streams/memory.py", line 120, in receive
    raise EndOfStream
anyio.EndOfStream

During handling of the above exception, another exception occurred:

Traceback (most recent call last):
  File "/app/main.py", line 29, in audit_log
    response = await call_next(request)
               ^^^^^^^^^^^^^^^^^^^^^^^^
  File "/usr/local/lib/python3.11/site-packages/starlette/middleware/base.py", line 165, in call_next
    raise app_exc
  File "/usr/local/lib/python3.11/site-packages/starlette/middleware/base.py", line 151, in coro
    await self.app(scope, receive_or_disconnect, send_no_error)
  File "/usr/local/lib/python3.11/site-packages/starlette/middleware/exceptions.py", line 65, in __call__
    await wrap_app_handling_exceptions(self.app, conn)(scope, receive, send)
  File "/usr/local/lib/python3.11/site-packages/starlette/_exception_handler.py", line 64, in wrapped_app
    raise exc
  File "/usr/local/lib/python3.11/site-packages/starlette/_exception_handler.py", line 53, in wrapped_app
    await app(scope, receive, sender)
  File "/usr/local/lib/python3.11/site-packages/starlette/routing.py", line 756, in __call__
    await self.middleware_stack(scope, receive, send)
  File "/usr/local/lib/python3.11/site-packages/starlette/routing.py", line 776, in app
    await route.handle(scope, receive, send)
  File "/usr/local/lib/python3.11/site-packages/starlette/routing.py", line 297, in handle
    await self.app(scope, receive, send)
  File "/usr/local/lib/python3.11/site-packages/starlette/routing.py", line 77, in app
    await wrap_app_handling_exceptions(app, request)(scope, receive, send)
  File "/usr/local/lib/python3.11/site-packages/starlette/_exception_handler.py", line 64, in wrapped_app
    raise exc
  File "/usr/local/lib/python3.11/site-packages/starlette/_exception_handler.py", line 53, in wrapped_app
    await app(scope, receive, sender)
  File "/usr/local/lib/python3.11/site-packages/starlette/routing.py", line 72, in app
    response = await func(request)
               ^^^^^^^^^^^^^^^^^^^
  File "/usr/local/lib/python3.11/site-packages/fastapi/routing.py", line 278, in app
    raw_response = await run_endpoint_function(
                   ^^^^^^^^^^^^^^^^^^^^^^^^^^^^
  File "/usr/local/lib/python3.11/site-packages/fastapi/routing.py", line 191, in run_endpoint_function
    return await dependant.call(**values)
           ^^^^^^^^^^^^^^^^^^^^^^^^^^^^^^
  File "/app/main.py", line 104, in tool_compose_logs
    return await compose_logs(service, tail, since)
           ^^^^^^^^^^^^^^^^^^^^^^^^^^^^^^^^^^^^^^^^
  File "/app/mark_mcp/docker_tools.py", line 37, in compose_logs
    proc = await asyncio.create_subprocess_exec(*args, cwd=_project_root(), stdout=asyncio.subprocess.PIPE, stderr=asyncio.subprocess.STDOUT)
           ^^^^^^^^^^^^^^^^^^^^^^^^^^^^^^^^^^^^^^^^^^^^^^^^^^^^^^^^^^^^^^^^^^^^^^^^^^^^^^^^^^^^^^^^^^^^^^^^^^^^^^^^^^^^^^^^^^^^^^^^^^^^^^^^^^
  File "/usr/local/lib/python3.11/asyncio/subprocess.py", line 223, in create_subprocess_exec
    transport, protocol = await loop.subprocess_exec(
                          ^^^^^^^^^^^^^^^^^^^^^^^^^^^
  File "uvloop/loop.pyx", line 2841, in subprocess_exec
  File "uvloop/loop.pyx", line 2799, in __subprocess_run
  File "uvloop/handles/process.pyx", line 611, in uvloop.loop.UVProcessTransport.new
  File "uvloop/handles/process.pyx", line 112, in uvloop.loop.UVProcess._init
FileNotFoundError: [Errno 2] No such file or directory
2025-09-26 09:18:22,107 INFO main - MCP CALL GET /health q={} body=b''
2025-09-26 09:18:22,108 INFO main - MCP RESP GET /health status=200
2025-09-26 09:18:39,834 INFO main - MCP CALL POST /tools/repo_snapshot q={} body=b''
2025-09-26 09:18:53,167 INFO main - MCP CALL GET /health q={} body=b''
2025-09-26 09:18:53,169 INFO main - MCP RESP GET /health status=200
2025-09-26 09:19:23,406 INFO main - MCP CALL GET /health q={} body=b''
2025-09-26 09:19:23,418 INFO main - MCP RESP GET /health status=200
2025-09-26 09:19:54,278 INFO main - MCP CALL GET /health q={} body=b''
2025-09-26 09:19:54,343 INFO main - MCP RESP GET /health status=200
2025-09-26 09:20:14,107 ERROR main - MCP ERROR POST /tools/repo_snapshot: tar failed: rc=1
Traceback (most recent call last):
  File "/usr/local/lib/python3.11/site-packages/anyio/streams/memory.py", line 105, in receive
    return self.receive_nowait()
           ^^^^^^^^^^^^^^^^^^^^^
  File "/usr/local/lib/python3.11/site-packages/anyio/streams/memory.py", line 100, in receive_nowait
    raise WouldBlock
anyio.WouldBlock

During handling of the above exception, another exception occurred:

Traceback (most recent call last):
  File "/usr/local/lib/python3.11/site-packages/anyio/streams/memory.py", line 118, in receive
    return receiver.item
           ^^^^^^^^^^^^^
AttributeError: 'MemoryObjectItemReceiver' object has no attribute 'item'

During handling of the above exception, another exception occurred:

Traceback (most recent call last):
  File "/usr/local/lib/python3.11/site-packages/starlette/middleware/base.py", line 159, in call_next
    message = await recv_stream.receive()
              ^^^^^^^^^^^^^^^^^^^^^^^^^^^
  File "/usr/local/lib/python3.11/site-packages/anyio/streams/memory.py", line 120, in receive
    raise EndOfStream
anyio.EndOfStream

During handling of the above exception, another exception occurred:

Traceback (most recent call last):
  File "/app/main.py", line 29, in audit_log
    response = await call_next(request)
               ^^^^^^^^^^^^^^^^^^^^^^^^
  File "/usr/local/lib/python3.11/site-packages/starlette/middleware/base.py", line 165, in call_next
    raise app_exc
  File "/usr/local/lib/python3.11/site-packages/starlette/middleware/base.py", line 151, in coro
    await self.app(scope, receive_or_disconnect, send_no_error)
  File "/usr/local/lib/python3.11/site-packages/starlette/middleware/exceptions.py", line 65, in __call__
    await wrap_app_handling_exceptions(self.app, conn)(scope, receive, send)
  File "/usr/local/lib/python3.11/site-packages/starlette/_exception_handler.py", line 64, in wrapped_app
    raise exc
  File "/usr/local/lib/python3.11/site-packages/starlette/_exception_handler.py", line 53, in wrapped_app
    await app(scope, receive, sender)
  File "/usr/local/lib/python3.11/site-packages/starlette/routing.py", line 756, in __call__
    await self.middleware_stack(scope, receive, send)
  File "/usr/local/lib/python3.11/site-packages/starlette/routing.py", line 776, in app
    await route.handle(scope, receive, send)
  File "/usr/local/lib/python3.11/site-packages/starlette/routing.py", line 297, in handle
    await self.app(scope, receive, send)
  File "/usr/local/lib/python3.11/site-packages/starlette/routing.py", line 77, in app
    await wrap_app_handling_exceptions(app, request)(scope, receive, send)
  File "/usr/local/lib/python3.11/site-packages/starlette/_exception_handler.py", line 64, in wrapped_app
    raise exc
  File "/usr/local/lib/python3.11/site-packages/starlette/_exception_handler.py", line 53, in wrapped_app
    await app(scope, receive, sender)
  File "/usr/local/lib/python3.11/site-packages/starlette/routing.py", line 72, in app
    response = await func(request)
               ^^^^^^^^^^^^^^^^^^^
  File "/usr/local/lib/python3.11/site-packages/fastapi/routing.py", line 278, in app
    raw_response = await run_endpoint_function(
                   ^^^^^^^^^^^^^^^^^^^^^^^^^^^^
  File "/usr/local/lib/python3.11/site-packages/fastapi/routing.py", line 191, in run_endpoint_function
    return await dependant.call(**values)
           ^^^^^^^^^^^^^^^^^^^^^^^^^^^^^^
  File "/app/main.py", line 85, in tool_repo_snapshot
    return await repo_snapshot("/srv/mark", label)
           ^^^^^^^^^^^^^^^^^^^^^^^^^^^^^^^^^^^^^^^
  File "/app/mark_mcp/repo_tools.py", line 29, in repo_snapshot
    await _tar_dir(src, out)
  File "/app/mark_mcp/repo_tools.py", line 19, in _tar_dir
    raise RuntimeError(f"tar failed: rc={proc.returncode}")
RuntimeError: tar failed: rc=1
2025-09-26 09:20:16,499 INFO main - MCP CALL POST /tools/fs_write q={} body=b'{"path":"/srv/mark/README_AUTOGEN.txt","content":"hello from mcp"}'
2025-09-26 09:20:24,610 INFO main - MCP CALL GET /health q={} body=b''
2025-09-26 09:20:24,612 INFO main - MCP RESP GET /health status=200
2025-09-26 09:20:59,811 INFO main - MCP CALL GET /health q={} body=b''
2025-09-26 09:21:00,078 INFO main - MCP RESP GET /health status=200
2025-09-26 09:21:34,686 INFO main - MCP CALL GET /health q={} body=b''
2025-09-26 09:21:34,704 INFO main - MCP RESP GET /health status=200
2025-09-26 09:22:06,668 INFO main - MCP CALL GET /health q={} body=b''
2025-09-26 09:22:06,669 INFO main - MCP RESP GET /health status=200
2025-09-26 09:22:39,849 INFO main - MCP CALL GET /health q={} body=b''
2025-09-26 09:22:40,151 INFO main - MCP RESP GET /health status=200
2025-09-26 09:23:10,317 INFO main - MCP CALL GET /health q={} body=b''
2025-09-26 09:23:10,318 INFO main - MCP RESP GET /health status=200
2025-09-26 09:23:43,771 INFO main - MCP CALL GET /health q={} body=b''
2025-09-26 09:23:43,817 INFO main - MCP RESP GET /health status=200
2025-09-26 09:24:14,023 INFO main - MCP CALL GET /health q={} body=b''
2025-09-26 09:24:14,024 INFO main - MCP RESP GET /health status=200
2025-09-26 09:24:44,278 INFO main - MCP CALL GET /health q={} body=b''
2025-09-26 09:24:44,287 INFO main - MCP RESP GET /health status=200
2025-09-26 09:25:00,886 ERROR main - MCP ERROR POST /tools/fs_write: tar failed: rc=1
Traceback (most recent call last):
  File "/usr/local/lib/python3.11/site-packages/anyio/streams/memory.py", line 105, in receive
    return self.receive_nowait()
           ^^^^^^^^^^^^^^^^^^^^^
  File "/usr/local/lib/python3.11/site-packages/anyio/streams/memory.py", line 100, in receive_nowait
    raise WouldBlock
anyio.WouldBlock

During handling of the above exception, another exception occurred:

Traceback (most recent call last):
  File "/usr/local/lib/python3.11/site-packages/anyio/streams/memory.py", line 118, in receive
    return receiver.item
           ^^^^^^^^^^^^^
AttributeError: 'MemoryObjectItemReceiver' object has no attribute 'item'

During handling of the above exception, another exception occurred:

Traceback (most recent call last):
  File "/usr/local/lib/python3.11/site-packages/starlette/middleware/base.py", line 159, in call_next
    message = await recv_stream.receive()
              ^^^^^^^^^^^^^^^^^^^^^^^^^^^
  File "/usr/local/lib/python3.11/site-packages/anyio/streams/memory.py", line 120, in receive
    raise EndOfStream
anyio.EndOfStream

During handling of the above exception, another exception occurred:

Traceback (most recent call last):
  File "/app/main.py", line 29, in audit_log
    response = await call_next(request)
               ^^^^^^^^^^^^^^^^^^^^^^^^
  File "/usr/local/lib/python3.11/site-packages/starlette/middleware/base.py", line 165, in call_next
    raise app_exc
  File "/usr/local/lib/python3.11/site-packages/starlette/middleware/base.py", line 151, in coro
    await self.app(scope, receive_or_disconnect, send_no_error)
  File "/usr/local/lib/python3.11/site-packages/starlette/middleware/exceptions.py", line 65, in __call__
    await wrap_app_handling_exceptions(self.app, conn)(scope, receive, send)
  File "/usr/local/lib/python3.11/site-packages/starlette/_exception_handler.py", line 64, in wrapped_app
    raise exc
  File "/usr/local/lib/python3.11/site-packages/starlette/_exception_handler.py", line 53, in wrapped_app
    await app(scope, receive, sender)
  File "/usr/local/lib/python3.11/site-packages/starlette/routing.py", line 756, in __call__
    await self.middleware_stack(scope, receive, send)
  File "/usr/local/lib/python3.11/site-packages/starlette/routing.py", line 776, in app
    await route.handle(scope, receive, send)
  File "/usr/local/lib/python3.11/site-packages/starlette/routing.py", line 297, in handle
    await self.app(scope, receive, send)
  File "/usr/local/lib/python3.11/site-packages/starlette/routing.py", line 77, in app
    await wrap_app_handling_exceptions(app, request)(scope, receive, send)
  File "/usr/local/lib/python3.11/site-packages/starlette/_exception_handler.py", line 64, in wrapped_app
    raise exc
  File "/usr/local/lib/python3.11/site-packages/starlette/_exception_handler.py", line 53, in wrapped_app
    await app(scope, receive, sender)
  File "/usr/local/lib/python3.11/site-packages/starlette/routing.py", line 72, in app
    response = await func(request)
               ^^^^^^^^^^^^^^^^^^^
  File "/usr/local/lib/python3.11/site-packages/fastapi/routing.py", line 278, in app
    raw_response = await run_endpoint_function(
                   ^^^^^^^^^^^^^^^^^^^^^^^^^^^^
  File "/usr/local/lib/python3.11/site-packages/fastapi/routing.py", line 191, in run_endpoint_function
    return await dependant.call(**values)
           ^^^^^^^^^^^^^^^^^^^^^^^^^^^^^^
  File "/app/main.py", line 79, in tool_fs_write
    return await fs_write(path, content, mode)
           ^^^^^^^^^^^^^^^^^^^^^^^^^^^^^^^^^^^
  File "/app/mark_mcp/fs_tools.py", line 88, in fs_write
    await ensure_prechange_snapshot()
  File "/app/mark_mcp/repo_tools.py", line 37, in ensure_prechange_snapshot
    await repo_snapshot(root, label="pre-change")
  File "/app/mark_mcp/repo_tools.py", line 29, in repo_snapshot
    await _tar_dir(src, out)
  File "/app/mark_mcp/repo_tools.py", line 19, in _tar_dir
    raise RuntimeError(f"tar failed: rc={proc.returncode}")
RuntimeError: tar failed: rc=1
2025-09-26 09:25:02,765 INFO main - MCP CALL POST /tools/compose_cmd q={} body=b'{"cmd":"ps"}'
2025-09-26 09:25:02,998 ERROR main - MCP ERROR POST /tools/compose_cmd: [Errno 2] No such file or directory
Traceback (most recent call last):
  File "/usr/local/lib/python3.11/site-packages/anyio/streams/memory.py", line 105, in receive
    return self.receive_nowait()
           ^^^^^^^^^^^^^^^^^^^^^
  File "/usr/local/lib/python3.11/site-packages/anyio/streams/memory.py", line 100, in receive_nowait
    raise WouldBlock
anyio.WouldBlock

During handling of the above exception, another exception occurred:

Traceback (most recent call last):
  File "/usr/local/lib/python3.11/site-packages/anyio/streams/memory.py", line 118, in receive
    return receiver.item
           ^^^^^^^^^^^^^
AttributeError: 'MemoryObjectItemReceiver' object has no attribute 'item'

During handling of the above exception, another exception occurred:

Traceback (most recent call last):
  File "/usr/local/lib/python3.11/site-packages/starlette/middleware/base.py", line 159, in call_next
    message = await recv_stream.receive()
              ^^^^^^^^^^^^^^^^^^^^^^^^^^^
  File "/usr/local/lib/python3.11/site-packages/anyio/streams/memory.py", line 120, in receive
    raise EndOfStream
anyio.EndOfStream

During handling of the above exception, another exception occurred:

Traceback (most recent call last):
  File "/app/main.py", line 29, in audit_log
    response = await call_next(request)
               ^^^^^^^^^^^^^^^^^^^^^^^^
  File "/usr/local/lib/python3.11/site-packages/starlette/middleware/base.py", line 165, in call_next
    raise app_exc
  File "/usr/local/lib/python3.11/site-packages/starlette/middleware/base.py", line 151, in coro
    await self.app(scope, receive_or_disconnect, send_no_error)
  File "/usr/local/lib/python3.11/site-packages/starlette/middleware/exceptions.py", line 65, in __call__
    await wrap_app_handling_exceptions(self.app, conn)(scope, receive, send)
  File "/usr/local/lib/python3.11/site-packages/starlette/_exception_handler.py", line 64, in wrapped_app
    raise exc
  File "/usr/local/lib/python3.11/site-packages/starlette/_exception_handler.py", line 53, in wrapped_app
    await app(scope, receive, sender)
  File "/usr/local/lib/python3.11/site-packages/starlette/routing.py", line 756, in __call__
    await self.middleware_stack(scope, receive, send)
  File "/usr/local/lib/python3.11/site-packages/starlette/routing.py", line 776, in app
    await route.handle(scope, receive, send)
  File "/usr/local/lib/python3.11/site-packages/starlette/routing.py", line 297, in handle
    await self.app(scope, receive, send)
  File "/usr/local/lib/python3.11/site-packages/starlette/routing.py", line 77, in app
    await wrap_app_handling_exceptions(app, request)(scope, receive, send)
  File "/usr/local/lib/python3.11/site-packages/starlette/_exception_handler.py", line 64, in wrapped_app
    raise exc
  File "/usr/local/lib/python3.11/site-packages/starlette/_exception_handler.py", line 53, in wrapped_app
    await app(scope, receive, sender)
  File "/usr/local/lib/python3.11/site-packages/starlette/routing.py", line 72, in app
    response = await func(request)
               ^^^^^^^^^^^^^^^^^^^
  File "/usr/local/lib/python3.11/site-packages/fastapi/routing.py", line 278, in app
    raw_response = await run_endpoint_function(
                   ^^^^^^^^^^^^^^^^^^^^^^^^^^^^
  File "/usr/local/lib/python3.11/site-packages/fastapi/routing.py", line 191, in run_endpoint_function
    return await dependant.call(**values)
           ^^^^^^^^^^^^^^^^^^^^^^^^^^^^^^
  File "/app/main.py", line 99, in tool_compose_cmd
    return await compose_cmd(cmd, service, flags)
           ^^^^^^^^^^^^^^^^^^^^^^^^^^^^^^^^^^^^^^
  File "/app/mark_mcp/docker_tools.py", line 27, in compose_cmd
    proc = await asyncio.create_subprocess_exec(*args, cwd=_project_root(), stdout=asyncio.subprocess.PIPE, stderr=asyncio.subprocess.STDOUT)
           ^^^^^^^^^^^^^^^^^^^^^^^^^^^^^^^^^^^^^^^^^^^^^^^^^^^^^^^^^^^^^^^^^^^^^^^^^^^^^^^^^^^^^^^^^^^^^^^^^^^^^^^^^^^^^^^^^^^^^^^^^^^^^^^^^^
  File "/usr/local/lib/python3.11/asyncio/subprocess.py", line 223, in create_subprocess_exec
    transport, protocol = await loop.subprocess_exec(
                          ^^^^^^^^^^^^^^^^^^^^^^^^^^^
  File "uvloop/loop.pyx", line 2841, in subprocess_exec
  File "uvloop/loop.pyx", line 2799, in __subprocess_run
  File "uvloop/handles/process.pyx", line 611, in uvloop.loop.UVProcessTransport.new
  File "uvloop/handles/process.pyx", line 112, in uvloop.loop.UVProcess._init
FileNotFoundError: [Errno 2] No such file or directory
2025-09-26 09:25:14,465 INFO main - MCP CALL GET /health q={} body=b''
2025-09-26 09:25:14,466 INFO main - MCP RESP GET /health status=200
2025-09-26 09:25:44,604 INFO main - MCP CALL GET /health q={} body=b''
2025-09-26 09:25:44,605 INFO main - MCP RESP GET /health status=200
2025-09-26 09:26:14,742 INFO main - MCP CALL GET /health q={} body=b''
2025-09-26 09:26:14,743 INFO main - MCP RESP GET /health status=200
2025-09-26 09:26:44,899 INFO main - MCP CALL GET /health q={} body=b''
2025-09-26 09:26:44,900 INFO main - MCP RESP GET /health status=200
2025-09-26 09:27:15,030 INFO main - MCP CALL GET /health q={} body=b''
2025-09-26 09:27:15,031 INFO main - MCP RESP GET /health status=200
2025-09-26 09:27:45,146 INFO main - MCP CALL GET /health q={} body=b''
2025-09-26 09:27:45,146 INFO main - MCP RESP GET /health status=200
2025-09-26 09:28:10,417 INFO main - MCP CALL POST /tools/repo_snapshot q={} body=b''
2025-09-26 09:28:15,297 INFO main - MCP CALL GET /health q={} body=b''
2025-09-26 09:28:15,299 INFO main - MCP RESP GET /health status=200
2025-09-26 09:28:47,120 INFO main - MCP CALL GET /health q={} body=b''
2025-09-26 09:28:47,121 INFO main - MCP RESP GET /health status=200
2025-09-26 09:29:19,960 INFO main - MCP CALL GET /health q={} body=b''
2025-09-26 09:29:19,961 INFO main - MCP RESP GET /health status=200
2025-09-26 09:29:51,195 INFO main - MCP CALL GET /health q={} body=b''
2025-09-26 09:29:51,199 INFO main - MCP RESP GET /health status=200
2025-09-26 09:30:24,104 INFO main - MCP CALL GET /health q={} body=b''
2025-09-26 09:30:24,172 INFO main - MCP RESP GET /health status=200
2025-09-26 09:30:54,628 INFO main - MCP CALL GET /health q={} body=b''
2025-09-26 09:30:54,629 INFO main - MCP RESP GET /health status=200
2025-09-26 09:31:26,964 INFO main - MCP CALL GET /health q={} body=b''
2025-09-26 09:31:27,072 INFO main - MCP RESP GET /health status=200
2025-09-26 09:31:58,738 INFO main - MCP CALL GET /health q={} body=b''
2025-09-26 09:31:58,739 INFO main - MCP RESP GET /health status=200
2025-09-26 09:32:33,318 INFO main - MCP CALL GET /health q={} body=b''
2025-09-26 09:32:33,395 INFO main - MCP RESP GET /health status=200
2025-09-26 09:33:07,695 INFO main - MCP CALL GET /health q={} body=b''
2025-09-26 09:33:07,696 INFO main - MCP RESP GET /health status=200
2025-09-26 09:33:41,798 INFO main - MCP CALL GET /health q={} body=b''
2025-09-26 09:33:41,800 INFO main - MCP RESP GET /health status=200
2025-09-26 09:34:12,594 INFO main - MCP CALL GET /health q={} body=b''
2025-09-26 09:34:12,596 INFO main - MCP RESP GET /health status=200
2025-09-26 09:34:42,978 INFO main - MCP CALL GET /health q={} body=b''
2025-09-26 09:34:42,979 INFO main - MCP RESP GET /health status=200
2025-09-26 09:35:15,634 INFO main - MCP CALL GET /health q={} body=b''
2025-09-26 09:35:15,635 INFO main - MCP RESP GET /health status=200
2025-09-26 09:35:44,124 ERROR main - MCP ERROR POST /tools/repo_snapshot: tar failed: rc=2
Traceback (most recent call last):
  File "/usr/local/lib/python3.11/site-packages/anyio/streams/memory.py", line 105, in receive
    return self.receive_nowait()
           ^^^^^^^^^^^^^^^^^^^^^
  File "/usr/local/lib/python3.11/site-packages/anyio/streams/memory.py", line 100, in receive_nowait
    raise WouldBlock
anyio.WouldBlock

During handling of the above exception, another exception occurred:

Traceback (most recent call last):
  File "/usr/local/lib/python3.11/site-packages/anyio/streams/memory.py", line 118, in receive
    return receiver.item
           ^^^^^^^^^^^^^
AttributeError: 'MemoryObjectItemReceiver' object has no attribute 'item'

During handling of the above exception, another exception occurred:

Traceback (most recent call last):
  File "/usr/local/lib/python3.11/site-packages/starlette/middleware/base.py", line 159, in call_next
    message = await recv_stream.receive()
              ^^^^^^^^^^^^^^^^^^^^^^^^^^^
  File "/usr/local/lib/python3.11/site-packages/anyio/streams/memory.py", line 120, in receive
    raise EndOfStream
anyio.EndOfStream

During handling of the above exceptio2025-09-26 10:27:39,216 INFO main - MCP CALL GET /health q={} body=b''
2025-09-26 10:27:39,218 INFO main - MCP RESP GET /health status=200
2025-09-26 10:27:42,180 INFO main - MCP CALL GET /health q={} body=b''
2025-09-26 10:27:42,187 INFO main - MCP RESP GET /health status=200
2025-09-26 10:28:12,300 INFO main - MCP CALL GET /health q={} body=b''
2025-09-26 10:28:12,301 INFO main - MCP RESP GET /health status=200
2025-09-26 10:28:42,426 INFO main - MCP CALL GET /health q={} body=b''
2025-09-26 10:28:42,427 INFO main - MCP RESP GET /health status=200
2025-09-26 10:29:12,568 INFO main - MCP CALL GET /health q={} body=b''
2025-09-26 10:29:12,569 INFO main - MCP RESP GET /health status=200
2025-09-26 10:29:17,123 INFO main - MCP CALL GET /health q={} body=b''
2025-09-26 10:29:17,124 INFO main - MCP RESP GET /health status=200
2025-09-26 10:29:17,163 INFO main - MCP CALL GET /tools q={} body=b''
2025-09-26 10:29:17,165 INFO main - MCP RESP GET /tools status=200
2025-09-26 10:29:17,247 INFO main - MCP CALL POST /tools/repo_snapshot q={} body=b''
2025-09-26 10:29:19,331 INFO main - MCP RESP POST /tools/repo_snapshot status=200
2025-09-26 10:29:19,359 INFO main - MCP CALL POST /tools/fs_write q={} body=b'path:/srv/mark/README_AUTOGEN.txt'
2025-09-26 10:29:19,360 INFO main - MCP RESP POST /tools/fs_write status=422
2025-09-26 10:29:19,404 INFO main - MCP CALL POST /tools/compose_cmd q={} body=b'{cmd:ps}'
2025-09-26 10:29:19,406 INFO main - MCP RESP POST /tools/compose_cmd status=422
2025-09-26 10:29:19,439 INFO main - MCP CALL GET /tools/compose_logs q={'service': 'app', 'tail': '5'} body=b''
2025-09-26 10:29:19,445 ERROR main - MCP ERROR GET /tools/compose_logs: Error while fetching server API version: Not supported URL scheme http+docker
Traceback (most recent call last):
  File "/usr/local/lib/python3.11/site-packages/requests/adapters.py", line 610, in send
    conn = self.get_connection_with_tls_context(
           ^^^^^^^^^^^^^^^^^^^^^^^^^^^^^^^^^^^^^
  File "/usr/local/lib/python3.11/site-packages/requests/adapters.py", line 466, in get_connection_with_tls_context
    conn = self.poolmanager.connection_from_host(
           ^^^^^^^^^^^^^^^^^^^^^^^^^^^^^^^^^^^^^^
  File "/usr/local/lib/python3.11/site-packages/urllib3/poolmanager.py", line 319, in connection_from_host
    return self.connection_from_context(request_context)
           ^^^^^^^^^^^^^^^^^^^^^^^^^^^^^^^^^^^^^^^^^^^^^
  File "/usr/local/lib/python3.11/site-packages/urllib3/poolmanager.py", line 341, in connection_from_context
    raise URLSchemeUnknown(scheme)
urllib3.exceptions.URLSchemeUnknown: Not supported URL scheme http+docker

During handling of the above exception, another exception occurred:

Traceback (most recent call last):
  File "/usr/local/lib/python3.11/site-packages/docker/api/client.py", line 213, in _retrieve_server_version
    return self.version(api_version=False)["ApiVersion"]
           ^^^^^^^^^^^^^^^^^^^^^^^^^^^^^^^
  File "/usr/local/lib/python3.11/site-packages/docker/api/daemon.py", line 181, in version
    return self._result(self._get(url), json=True)
                        ^^^^^^^^^^^^^^
  File "/usr/local/lib/python3.11/site-packages/docker/utils/decorators.py", line 44, in inner
    return f(self, *args, **kwargs)
           ^^^^^^^^^^^^^^^^^^^^^^^^
  File "/usr/local/lib/python3.11/site-packages/docker/api/client.py", line 236, in _get
    return self.get(url, **self._set_request_timeout(kwargs))
           ^^^^^^^^^^^^^^^^^^^^^^^^^^^^^^^^^^^^^^^^^^^^^^^^^^
  File "/usr/local/lib/python3.11/site-packages/requests/sessions.py", line 602, in get
    return self.request("GET", url, **kwargs)
           ^^^^^^^^^^^^^^^^^^^^^^^^^^^^^^^^^^
  File "/usr/local/lib/python3.11/site-packages/requests/sessions.py", line 589, in request
    resp = self.send(prep, **send_kwargs)
           ^^^^^^^^^^^^^^^^^^^^^^^^^^^^^^
  File "/usr/local/lib/python3.11/site-packages/requests/sessions.py", line 703, in send
    r = adapter.send(request, **kwargs)
        ^^^^^^^^^^^^^^^^^^^^^^^^^^^^^^^
  File "/usr/local/lib/python3.11/site-packages/requests/adapters.py", line 614, in send
    raise InvalidURL(e, request=request)
requests.exceptions.InvalidURL: Not supported URL scheme http+docker

The above exception was the direct cause of the following exception:

Traceback (most recent call last):
  File "/app/main.py", line 29, in audit_log
    response = await call_next(request)
               ^^^^^^^^^^^^^^^^^^^^^^^^
  File "/usr/local/lib/python3.11/site-packages/starlette/middleware/base.py", line 165, in call_next
    raise app_exc
  File "/usr/local/lib/python3.11/site-packages/starlette/middleware/base.py", line 151, in coro
    await self.app(scope, receive_or_disconnect, send_no_error)
  File "/usr/local/lib/python3.11/site-packages/starlette/middleware/exceptions.py", line 65, in __call__
    await wrap_app_handling_exceptions(self.app, conn)(scope, receive, send)
  File "/usr/local/lib/python3.11/site-packages/starlette/_exception_handler.py", line 64, in wrapped_app
    raise exc
  File "/usr/local/lib/python3.11/site-packages/starlette/_exception_handler.py", line 53, in wrapped_app
    await app(scope, receive, sender)
  File "/usr/local/lib/python3.11/site-packages/starlette/routing.py", line 756, in __call__
    await self.middleware_stack(scope, receive, send)
  File "/usr/local/lib/python3.11/site-packages/starlette/routing.py", line 776, in app
    await route.handle(scope, receive, send)
  File "/usr/local/lib/python3.11/site-packages/starlette/routing.py", line 297, in handle
    await self.app(scope, receive, send)
  File "/usr/local/lib/python3.11/site-packages/starlette/routing.py", line 77, in app
    await wrap_app_handling_exceptions(app, request)(scope, receive, send)
  File "/usr/local/lib/python3.11/site-packages/starlette/_exception_handler.py", line 64, in wrapped_app
    raise exc
  File "/usr/local/lib/python3.11/site-packages/starlette/_exception_handler.py", line 53, in wrapped_app
    await app(scope, receive, sender)
  File "/usr/local/lib/python3.11/site-packages/starlette/routing.py", line 72, in app
    response = await func(request)
               ^^^^^^^^^^^^^^^^^^^
  File "/usr/local/lib/python3.11/site-packages/fastapi/routing.py", line 278, in app
    raw_response = await run_endpoint_function(
                   ^^^^^^^^^^^^^^^^^^^^^^^^^^^^
  File "/usr/local/lib/python3.11/site-packages/fastapi/routing.py", line 191, in run_endpoint_function
    return await dependant.call(**values)
           ^^^^^^^^^^^^^^^^^^^^^^^^^^^^^^
  File "/app/main.py", line 104, in tool_compose_logs
    return await compose_logs(service, tail, since)
           ^^^^^^^^^^^^^^^^^^^^^^^^^^^^^^^^^^^^^^^^
  File "/app/mark_mcp/docker_tools.py", line 39, in compose_logs
    cli = _client()
          ^^^^^^^^^
  File "/app/mark_mcp/docker_tools.py", line 10, in _client
    return docker.from_env()
           ^^^^^^^^^^^^^^^^^
  File "/usr/local/lib/python3.11/site-packages/docker/client.py", line 94, in from_env
    return cls(
           ^^^^
  File "/usr/local/lib/python3.11/site-packages/docker/client.py", line 45, in __init__
    self.api = APIClient(*args, **kwargs)
               ^^^^^^^^^^^^^^^^^^^^^^^^^^
  File "/usr/local/lib/python3.11/site-packages/docker/api/client.py", line 197, in __init__
    self._version = self._retrieve_server_version()
                    ^^^^^^^^^^^^^^^^^^^^^^^^^^^^^^^
  File "/usr/local/lib/python3.11/site-packages/docker/api/client.py", line 220, in _retrieve_server_version
    raise DockerException(
docker.errors.DockerException: Error while fetching server API version: Not supported URL scheme http+docker
2025-09-26 10:29:19,490 INFO main - MCP CALL POST /tools/container_exec q={} body=b'service:app'
2025-09-26 10:29:19,491 INFO main - MCP RESP POST /tools/container_exec status=422
2025-09-26 10:29:42,684 INFO main - MCP CALL GET /health q={} body=b''
2025-09-26 10:29:42,685 INFO main - MCP RESP GET /health status=200
2025-09-26 10:30:12,837 INFO main - MCP CALL GET /health q={} body=b''
2025-09-26 10:30:12,838 INFO main - MCP RESP GET /health status=200
2025-09-26 10:30:42,974 INFO main - MCP CALL GET /health q={} body=b''
2025-09-26 10:30:42,975 INFO main - MCP RESP GET /health status=200
2025-09-26 10:31:13,119 INFO main - MCP CALL GET /health q={} body=b''
2025-09-26 10:31:13,120 INFO main - MCP RESP GET /health status=200
2025-09-26 10:31:43,265 INFO main - MCP CALL GET /health q={} body=b''
2025-09-26 10:31:43,271 INFO main - MCP RESP GET /health status=200
2025-09-26 10:32:13,391 INFO main - MCP CALL GET /health q={} body=b''
2025-09-26 10:32:13,391 INFO main - MCP RESP GET /health status=200
2025-09-26 10:32:43,502 INFO main - MCP CALL GET /health q={} body=b''
2025-09-26 10:32:43,503 INFO main - MCP RESP GET /health status=200
2025-09-26 10:33:13,629 INFO main - MCP CALL GET /health q={} body=b''
2025-09-26 10:33:13,630 INFO main - MCP RESP GET /health status=200
2025-09-26 10:33:43,754 INFO main - MCP CALL GET /health q={} body=b''
2025-09-26 10:33:43,755 INFO main - MCP RESP GET /health status=200
2025-09-26 10:34:13,891 INFO main - MCP CALL GET /health q={} body=b''
2025-09-26 10:34:13,892 INFO main - MCP RESP GET /health status=200
2025-09-26 10:34:44,028 INFO main - MCP CALL GET /health q={} body=b''
2025-09-26 10:34:44,029 INFO main - MCP RESP GET /health status=200
2025-09-26 10:35:14,171 INFO main - MCP CALL GET /health q={} body=b''
2025-09-26 10:35:14,172 INFO main - MCP RESP GET /health status=200
2025-09-26 10:35:44,284 INFO main - MCP CALL GET /health q={} body=b''
2025-09-26 10:35:44,285 INFO main - MCP RESP GET /health status=200
2025-09-26 10:36:14,408 INFO main - MCP CALL GET /health q={} body=b''
2025-09-26 10:36:14,408 INFO main - MCP RESP GET /health status=200
2025-09-26 10:36:44,545 INFO main - MCP CALL GET /health q={} body=b''
2025-09-26 10:36:44,545 INFO main - MCP RESP GET /health status=200
2025-09-26 10:37:14,682 INFO main - MCP CALL GET /health q={} body=b''
2025-09-26 10:37:14,683 INFO main - MCP RESP GET /health status=200
2025-09-26 10:37:44,782 INFO main - MCP CALL GET /health q={} body=b''
2025-09-26 10:37:44,783 INFO main - MCP RESP GET /health status=200
2025-09-26 10:38:14,918 INFO main - MCP CALL GET /health q={} body=b''
2025-09-26 10:38:14,919 INFO main - MCP RESP GET /health status=200
2025-09-26 10:38:45,055 INFO main - MCP CALL GET /health q={} body=b''
2025-09-26 10:38:45,056 INFO main - MCP RESP GET /health status=200
2025-09-26 10:39:15,191 INFO main - MCP CALL GET /health q={} body=b''
2025-09-26 10:39:15,191 INFO main - MCP RESP GET /health status=200
2025-09-26 10:39:45,327 INFO main - MCP CALL GET /health q={} body=b''
2025-09-26 10:39:45,328 INFO main - MCP RESP GET /health status=200
2025-09-26 10:40:15,455 INFO main - MCP CALL GET /health q={} body=b''
2025-09-26 10:40:15,456 INFO main - MCP RESP GET /health status=200
2025-09-26 10:40:45,591 INFO main - MCP CALL GET /health q={} body=b''
2025-09-26 10:40:45,591 INFO main - MCP RESP GET /health status=200
2025-09-26 10:41:15,736 INFO main - MCP CALL GET /health q={} body=b''
2025-09-26 10:41:15,737 INFO main - MCP RESP GET /health status=200
2025-09-26 10:41:45,879 INFO main - MCP CALL GET /health q={} body=b''
2025-09-26 10:41:45,880 INFO main - MCP RESP GET /health status=200
2025-09-26 10:42:15,995 INFO main - MCP CALL GET /health q={} body=b''
2025-09-26 10:42:15,995 INFO main - MCP RESP GET /health status=200
2025-09-26 10:42:46,121 INFO main - MCP CALL GET /health q={} body=b''
2025-09-26 10:42:46,122 INFO main - MCP RESP GET /health status=200
2025-09-26 10:43:16,252 INFO main - MCP CALL GET /health q={} body=b''
2025-09-26 10:43:16,253 INFO main - MCP RESP GET /health status=200
2025-09-26 10:43:46,386 INFO main - MCP CALL GET /health q={} body=b''
2025-09-26 10:43:46,387 INFO main - MCP RESP GET /health status=200
2025-09-26 10:44:16,513 INFO main - MCP CALL GET /health q={} body=b''
2025-09-26 10:44:16,514 INFO main - MCP RESP GET /health status=200
2025-09-26 10:44:46,713 INFO main - MCP CALL GET /health q={} body=b''
2025-09-26 10:44:46,719 INFO main - MCP RESP GET /health status=200
2025-09-26 13:32:46,547 INFO main - MCP CALL GET /health q={} body=b''
2025-09-26 13:32:46,559 INFO main - MCP RESP GET /health status=200
2025-09-26 13:33:11,149 INFO main - MCP CALL GET /health q={} body=b''
2025-09-26 13:33:11,155 INFO main - MCP RESP GET /health status=200
2025-09-26 13:33:11,951 INFO main - MCP CALL GET /health q={} body=b''
2025-09-26 13:33:11,952 INFO main - MCP RESP GET /health status=200
2025-09-26 13:33:42,211 INFO main - MCP CALL GET /health q={} body=b''
2025-09-26 13:33:42,218 INFO main - MCP RESP GET /health status=200
2025-09-26 13:34:12,501 INFO main - MCP CALL GET /health q={} body=b''
2025-09-26 13:34:12,515 INFO main - MCP RESP GET /health status=200
2025-09-26 13:34:30,831 INFO main - MCP CALL GET /.well-known/oauth-protected-resource q={} body=b''
2025-09-26 13:34:30,835 INFO main - MCP RESP GET /.well-known/oauth-protected-resource status=200
2025-09-26 13:34:31,079 INFO main - MCP CALL GET /health q={} body=b''
2025-09-26 13:34:31,080 INFO main - MCP RESP GET /health status=200
2025-09-26 13:34:42,661 INFO main - MCP CALL GET /health q={} body=b''
2025-09-26 13:34:42,662 INFO main - MCP RESP GET /health status=200
2025-09-26 13:35:12,998 INFO main - MCP CALL GET /health q={} body=b''
2025-09-26 13:35:13,003 INFO main - MCP RESP GET /health status=200
2025-09-26 13:35:42,295 INFO main - MCP CALL GET /tools q={} body=b''
2025-09-26 13:35:42,296 INFO main - MCP RESP GET /tools status=401
2025-09-26 13:35:43,113 INFO main - MCP CALL GET /health q={} body=b''
2025-09-26 13:35:43,114 INFO main - MCP RESP GET /health status=200
2025-09-26 13:36:13,255 INFO main - MCP CALL GET /health q={} body=b''
2025-09-26 13:36:13,256 INFO main - MCP RESP GET /health status=200
2025-09-26 13:36:43,355 INFO main - MCP CALL GET /health q={} body=b''
2025-09-26 13:36:43,356 INFO main - MCP RESP GET /health status=200
2025-09-26 13:37:13,498 INFO main - MCP CALL GET /health q={} body=b''
2025-09-26 13:37:13,498 INFO main - MCP RESP GET /health status=200
2025-09-26 13:37:43,614 INFO main - MCP CALL GET /health q={} body=b''
2025-09-26 13:37:43,615 INFO main - MCP RESP GET /health status=200
2025-09-26 13:38:13,735 INFO main - MCP CALL GET /health q={} body=b''
2025-09-26 13:38:13,736 INFO main - MCP RESP GET /health status=200
2025-09-26 13:38:43,872 INFO main - MCP CALL GET /health q={} body=b''
2025-09-26 13:38:43,873 INFO main - MCP RESP GET /health status=200
2025-09-26 13:39:14,013 INFO main - MCP CALL GET /health q={} body=b''
2025-09-26 13:39:14,014 INFO main - MCP RESP GET /health status=200
2025-09-26 13:39:44,167 INFO main - MCP CALL GET /health q={} body=b''
2025-09-26 13:39:44,168 INFO main - MCP RESP GET /health status=200
2025-09-26 13:40:14,295 INFO main - MCP CALL GET /health q={} body=b''
2025-09-26 13:40:14,296 INFO main - MCP RESP GET /health status=200
2025-09-26 13:40:44,424 INFO main - MCP CALL GET /health q={} body=b''
2025-09-26 13:40:44,427 INFO main - MCP RESP GET /health status=200
2025-09-26 13:41:14,559 INFO main - MCP CALL GET /health q={} body=b''
2025-09-26 13:41:14,560 INFO main - MCP RESP GET /health status=200
2025-09-26 13:41:44,698 INFO main - MCP CALL GET /health q={} body=b''
2025-09-26 13:41:44,699 INFO main - MCP RESP GET /health status=200
2025-09-26 13:42:14,827 INFO main - MCP CALL GET /health q={} body=b''
2025-09-26 13:42:14,827 INFO main - MCP RESP GET /health status=200
2025-09-26 13:42:44,963 INFO main - MCP CALL GET /health q={} body=b''
2025-09-26 13:42:44,964 INFO main - MCP RESP GET /health status=200
2025-09-26 13:43:15,086 INFO main - MCP CALL GET /health q={} body=b''
2025-09-26 13:43:15,087 INFO main - MCP RESP GET /health status=200
2025-09-26 13:43:45,216 INFO main - MCP CALL GET /health q={} body=b''
2025-09-26 13:43:45,217 INFO main - MCP RESP GET /health status=200
2025-09-26 13:44:15,338 INFO main - MCP CALL GET /health q={} body=b''
2025-09-26 13:44:15,339 INFO main - MCP RESP GET /health status=200
2025-09-26 13:44:45,472 INFO main - MCP CALL GET /health q={} body=b''
2025-09-26 13:44:45,473 INFO main - MCP RESP GET /health status=200
2025-09-26 13:45:15,605 INFO main - MCP CALL GET /health q={} body=b''
2025-09-26 13:45:15,607 INFO main - MCP RESP GET /health status=200
2025-09-26 13:45:45,758 INFO main - MCP CALL GET /health q={} body=b''
2025-09-26 13:45:45,759 INFO main - MCP RESP GET /health status=200
2025-09-26 13:46:15,882 INFO main - MCP CALL GET /health q={} body=b''
2025-09-26 13:46:15,883 INFO main - MCP RESP GET /health status=200
2025-09-26 13:46:46,008 INFO main - MCP CALL GET /health q={} body=b''
2025-09-26 13:46:46,009 INFO main - MCP RESP GET /health status=200
2025-09-26 13:47:16,151 INFO main - MCP CALL GET /health q={} body=b''
2025-09-26 13:47:16,152 INFO main - MCP RESP GET /health status=200
2025-09-26 13:47:46,259 INFO main - MCP CALL GET /health q={} body=b''
2025-09-26 13:47:46,260 INFO main - MCP RESP GET /health status=200
2025-09-26 13:48:16,398 INFO main - MCP CALL GET /health q={} body=b''
2025-09-26 13:48:16,399 INFO main - MCP RESP GET /health status=200
2025-09-26 13:48:46,531 INFO main - MCP CALL GET /health q={} body=b''
2025-09-26 13:48:46,532 INFO main - MCP RESP GET /health status=200
2025-09-26 13:49:16,640 INFO main - MCP CALL GET /health q={} body=b''
2025-09-26 13:49:16,641 INFO main - MCP RESP GET /health status=200
2025-09-26 13:49:46,771 INFO main - MCP CALL GET /health q={} body=b''
2025-09-26 13:49:46,772 INFO main - MCP RESP GET /health status=200
2025-09-26 13:50:16,899 INFO main - MCP CALL GET /health q={} body=b''
2025-09-26 13:50:16,900 INFO main - MCP RESP GET /health status=200
2025-09-26 13:50:47,032 INFO main - MCP CALL GET /health q={} body=b''
2025-09-26 13:50:47,033 INFO main - MCP RESP GET /health status=200
2025-09-26 13:51:17,162 INFO main - MCP CALL GET /health q={} body=b''
2025-09-26 13:51:17,163 INFO main - MCP RESP GET /health status=200
2025-09-26 13:51:47,303 INFO main - MCP CALL GET /health q={} body=b''
2025-09-26 13:51:47,303 INFO main - MCP RESP GET /health status=200
2025-09-26 13:52:17,430 INFO main - MCP CALL GET /health q={} body=b''
2025-09-26 13:52:17,431 INFO main - MCP RESP GET /health status=200
2025-09-26 13:52:47,559 INFO main - MCP CALL GET /health q={} body=b''
2025-09-26 13:52:47,559 INFO main - MCP RESP GET /health status=200
2025-09-26 13:53:17,653 INFO main - MCP CALL GET /health q={} body=b''
2025-09-26 13:53:17,658 INFO main - MCP RESP GET /health status=200
2025-09-26 13:53:47,794 INFO main - MCP CALL GET /health q={} body=b''
2025-09-26 13:53:47,795 INFO main - MCP RESP GET /health status=200
2025-09-26 13:54:17,919 INFO main - MCP CALL GET /health q={} body=b''
2025-09-26 13:54:17,920 INFO main - MCP RESP GET /health status=200
2025-09-26 13:54:48,047 INFO main - MCP CALL GET /health q={} body=b''
2025-09-26 13:54:48,047 INFO main - MCP RESP GET /health status=200
2025-09-26 13:55:18,175 INFO main - MCP CALL GET /health q={} body=b''
2025-09-26 13:55:18,176 INFO main - MCP RESP GET /health status=200
2025-09-26 13:55:48,308 INFO main - MCP CALL GET /health q={} body=b''
2025-09-26 13:55:48,309 INFO main - MCP RESP GET /health status=200
2025-09-26 13:56:18,425 INFO main - MCP CALL GET /health q={} body=b''
2025-09-26 13:56:18,426 INFO main - MCP RESP GET /health status=200
2025-09-26 13:56:48,575 INFO main - MCP CALL GET /health q={} body=b''
2025-09-26 13:56:48,576 INFO main - MCP RESP GET /health status=200
2025-09-26 13:57:18,699 INFO main - MCP CALL GET /health q={} body=b''
2025-09-26 13:57:18,700 INFO main - MCP RESP GET /health status=200
2025-09-26 13:57:48,831 INFO main - MCP CALL GET /health q={} body=b''
2025-09-26 13:57:48,831 INFO main - MCP RESP GET /health status=200
2025-09-26 13:58:18,958 INFO main - MCP CALL GET /health q={} body=b''
2025-09-26 13:58:18,959 INFO main - MCP RESP GET /health status=200
2025-09-26 13:58:49,088 INFO main - MCP CALL GET /health q={} body=b''
2025-09-26 13:58:49,089 INFO main - MCP RESP GET /health status=200
2025-09-26 13:59:19,237 INFO main - MCP CALL GET /health q={} body=b''
2025-09-26 13:59:19,238 INFO main - MCP RESP GET /health status=200
2025-09-26 13:59:49,370 INFO main - MCP CALL GET /health q={} body=b''
2025-09-26 13:59:49,371 INFO main - MCP RESP GET /health status=200
2025-09-26 14:00:19,514 INFO main - MCP CALL GET /health q={} body=b''
2025-09-26 14:00:19,515 INFO main - MCP RESP GET /health status=200
2025-09-26 14:00:49,663 INFO main - MCP CALL GET /health q={} body=b''
2025-09-26 14:00:49,664 INFO main - MCP RESP GET /health status=200
2025-09-26 14:01:19,796 INFO main - MCP CALL GET /health q={} body=b''
2025-09-26 14:01:19,797 INFO main - MCP RESP GET /health status=200
2025-09-26 14:01:49,911 INFO main - MCP CALL GET /health q={} body=b''
2025-09-26 14:01:49,912 INFO main - MCP RESP GET /health status=200
2025-09-26 14:02:20,031 INFO main - MCP CALL GET /health q={} body=b''
2025-09-26 14:02:20,032 INFO main - MCP RESP GET /health status=200
2025-09-26 14:02:50,155 INFO main - MCP CALL GET /health q={} body=b''
2025-09-26 14:02:50,156 INFO main - MCP RESP GET /health status=200
2025-09-26 14:03:20,275 INFO main - MCP CALL GET /health q={} body=b''
2025-09-26 14:03:20,276 INFO main - MCP RESP GET /health status=200
2025-09-26 14:03:50,420 INFO main - MCP CALL GET /health q={} body=b''
2025-09-26 14:03:50,420 INFO main - MCP RESP GET /health status=200
2025-09-26 14:04:20,556 INFO main - MCP CALL GET /health q={} body=b''
2025-09-26 14:04:20,557 INFO main - MCP RESP GET /health status=200
2025-09-26 14:04:50,703 INFO main - MCP CALL GET /health q={} body=b''
2025-09-26 14:04:50,704 INFO main - MCP RESP GET /health status=200
2025-09-26 14:05:20,819 INFO main - MCP CALL GET /health q={} body=b''
2025-09-26 14:05:20,820 INFO main - MCP RESP GET /health status=200
2025-09-26 14:05:50,951 INFO main - MCP CALL GET /health q={} body=b''
2025-09-26 14:05:50,952 INFO main - MCP RESP GET /health status=200
2025-09-26 14:06:21,079 INFO main - MCP CALL GET /health q={} body=b''
2025-09-26 14:06:21,080 INFO main - MCP RESP GET /health status=200
2025-09-26 14:06:51,198 INFO main - MCP CALL GET /health q={} body=b''
2025-09-26 14:06:51,199 INFO main - MCP RESP GET /health status=200
2025-09-26 14:07:21,334 INFO main - MCP CALL GET /health q={} body=b''
2025-09-26 14:07:21,335 INFO main - MCP RESP GET /health status=200
2025-09-26 14:07:51,463 INFO main - MCP CALL GET /health q={} body=b''
2025-09-26 14:07:51,464 INFO main - MCP RESP GET /health status=200
2025-09-26 14:08:21,591 INFO main - MCP CALL GET /health q={} body=b''
2025-09-26 14:08:21,592 INFO main - MCP RESP GET /health status=200
2025-09-26 14:08:51,723 INFO main - MCP CALL GET /health q={} body=b''
2025-09-26 14:08:51,724 INFO main - MCP RESP GET /health status=200
2025-09-26 14:09:21,842 INFO main - MCP CALL GET /health q={} body=b''
2025-09-26 14:09:21,843 INFO main - MCP RESP GET /health status=200
2025-09-26 14:09:51,952 INFO main - MCP CALL GET /health q={} body=b''
2025-09-26 14:09:51,953 INFO main - MCP RESP GET /health status=200
2025-09-26 14:10:22,077 INFO main - MCP CALL GET /health q={} body=b''
2025-09-26 14:10:22,077 INFO main - MCP RESP GET /health status=200
2025-09-26 14:10:52,183 INFO main - MCP CALL GET /health q={} body=b''
2025-09-26 14:10:52,184 INFO main - MCP RESP GET /health status=200
2025-09-26 14:11:22,287 INFO main - MCP CALL GET /health q={} body=b''
2025-09-26 14:11:22,288 INFO main - MCP RESP GET /health status=200
2025-09-26 14:11:52,418 INFO main - MCP CALL GET /health q={} body=b''
2025-09-26 14:11:52,419 INFO main - MCP RESP GET /health status=200
2025-09-26 14:12:22,549 INFO main - MCP CALL GET /health q={} body=b''
2025-09-26 14:12:22,549 INFO main - MCP RESP GET /health status=200
2025-09-26 14:12:52,674 INFO main - MCP CALL GET /health q={} body=b''
2025-09-26 14:12:52,679 INFO main - MCP RESP GET /health status=200
2025-09-26 14:13:22,815 INFO main - MCP CALL GET /health q={} body=b''
2025-09-26 14:13:22,816 INFO main - MCP RESP GET /health status=200
2025-09-26 14:13:52,949 INFO main - MCP CALL GET /health q={} body=b''
2025-09-26 14:13:52,954 INFO main - MCP RESP GET /health status=200
2025-09-26 14:14:23,074 INFO main - MCP CALL GET /health q={} body=b''
2025-09-26 14:14:23,075 INFO main - MCP RESP GET /health status=200
2025-09-26 14:14:53,207 INFO main - MCP CALL GET /health q={} body=b''
2025-09-26 14:14:53,208 INFO main - MCP RESP GET /health status=200
2025-09-26 14:15:23,322 INFO main - MCP CALL GET /health q={} body=b''
2025-09-26 14:15:23,323 INFO main - MCP RESP GET /health status=200
2025-09-26 14:15:53,435 INFO main - MCP CALL GET /health q={} body=b''
2025-09-26 14:15:53,435 INFO main - MCP RESP GET /health status=200
2025-09-26 14:16:23,567 INFO main - MCP CALL GET /health q={} body=b''
2025-09-26 14:16:23,568 INFO main - MCP RESP GET /health status=200
2025-09-26 14:16:53,694 INFO main - MCP CALL GET /health q={} body=b''
2025-09-26 14:16:53,695 INFO main - MCP RESP GET /health status=200
2025-09-26 14:17:23,813 INFO main - MCP CALL GET /health q={} body=b''
2025-09-26 14:17:23,814 INFO main - MCP RESP GET /health status=200
2025-09-26 14:17:53,947 INFO main - MCP CALL GET /health q={} body=b''
2025-09-26 14:17:53,947 INFO main - MCP RESP GET /health status=200
2025-09-26 14:18:24,062 INFO main - MCP CALL GET /health q={} body=b''
2025-09-26 14:18:24,063 INFO main - MCP RESP GET /health status=200
2025-09-26 14:18:54,184 INFO main - MCP CALL GET /health q={} body=b''
2025-09-26 14:18:54,185 INFO main - MCP RESP GET /health status=200
2025-09-26 14:19:24,321 INFO main - MCP CALL GET /health q={} body=b''
2025-09-26 14:19:24,322 INFO main - MCP RESP GET /health status=200
2025-09-26 14:19:54,482 INFO main - MCP CALL GET /health q={} body=b''
2025-09-26 14:19:54,483 INFO main - MCP RESP GET /health status=200
2025-09-26 14:20:24,569 INFO main - MCP CALL GET /health q={} body=b''
2025-09-26 14:20:24,571 INFO main - MCP RESP GET /health status=200
2025-09-26 14:20:54,696 INFO main - MCP CALL GET /health q={} body=b''
2025-09-26 14:20:54,697 INFO main - MCP RESP GET /health status=200
2025-09-26 14:21:24,819 INFO main - MCP CALL GET /health q={} body=b''
2025-09-26 14:21:24,820 INFO main - MCP RESP GET /health status=200
2025-09-26 14:21:54,992 INFO main - MCP CALL GET /health q={} body=b''
2025-09-26 14:21:54,998 INFO main - MCP RESP GET /health status=200
2025-09-26 14:22:25,125 INFO main - MCP CALL GET /health q={} body=b''
2025-09-26 14:22:25,126 INFO main - MCP RESP GET /health status=200
2025-09-26 14:22:55,258 INFO main - MCP CALL GET /health q={} body=b''
2025-09-26 14:22:55,259 INFO main - MCP RESP GET /health status=200
2025-09-26 14:23:25,365 INFO main - MCP CALL GET /health q={} body=b''
2025-09-26 14:23:25,365 INFO main - MCP RESP GET /health status=200
2025-09-26 14:23:55,493 INFO main - MCP CALL GET /health q={} body=b''
2025-09-26 14:23:55,493 INFO main - MCP RESP GET /health status=200
2025-09-26 14:24:25,613 INFO main - MCP CALL GET /health q={} body=b''
2025-09-26 14:24:25,619 INFO main - MCP RESP GET /health status=200
2025-09-26 14:24:55,759 INFO main - MCP CALL GET /health q={} body=b''
2025-09-26 14:24:55,760 INFO main - MCP RESP GET /health status=200
2025-09-26 14:25:25,890 INFO main - MCP CALL GET /health q={} body=b''
2025-09-26 14:25:25,894 INFO main - MCP RESP GET /health status=200
2025-09-26 14:25:55,999 INFO main - MCP CALL GET /health q={} body=b''
2025-09-26 14:25:56,000 INFO main - MCP RESP GET /health status=200
2025-09-26 14:26:26,108 INFO main - MCP CALL GET /health q={} body=b''
2025-09-26 14:26:26,109 INFO main - MCP RESP GET /health status=200
2025-09-26 14:26:56,220 INFO main - MCP CALL GET /health q={} body=b''
2025-09-26 14:26:56,221 INFO main - MCP RESP GET /health status=200
2025-09-26 14:27:26,349 INFO main - MCP CALL GET /health q={} body=b''
2025-09-26 14:27:26,350 INFO main - MCP RESP GET /health status=200
2025-09-26 14:27:56,500 INFO main - MCP CALL GET /health q={} body=b''
2025-09-26 14:27:56,501 INFO main - MCP RESP GET /health status=200
2025-09-26 14:28:26,609 INFO main - MCP CALL GET /health q={} body=b''
2025-09-26 14:28:26,610 INFO main - MCP RESP GET /health status=200
2025-09-26 14:28:56,745 INFO main - MCP CALL GET /health q={} body=b''
2025-09-26 14:28:56,751 INFO main - MCP RESP GET /health status=200
2025-09-26 14:29:26,888 INFO main - MCP CALL GET /health q={} body=b''
2025-09-26 14:29:26,889 INFO main - MCP RESP GET /health status=200
2025-09-26 14:29:57,019 INFO main - MCP CALL GET /health q={} body=b''
2025-09-26 14:29:57,020 INFO main - MCP RESP GET /health status=200
2025-09-26 14:30:27,150 INFO main - MCP CALL GET /health q={} body=b''
2025-09-26 14:30:27,151 INFO main - MCP RESP GET /health status=200
2025-09-26 14:30:57,266 INFO main - MCP CALL GET /health q={} body=b''
2025-09-26 14:30:57,267 INFO main - MCP RESP GET /health status=200
2025-09-26 14:31:27,390 INFO main - MCP CALL GET /health q={} body=b''
2025-09-26 14:31:27,391 INFO main - MCP RESP GET /health status=200
2025-09-26 14:31:57,482 INFO main - MCP CALL GET /health q={} body=b''
2025-09-26 14:31:57,483 INFO main - MCP RESP GET /health status=200
2025-09-26 14:32:27,622 INFO main - MCP CALL GET /health q={} body=b''
2025-09-26 14:32:27,623 INFO main - MCP RESP GET /health status=200
2025-09-26 14:32:57,755 INFO main - MCP CALL GET /health q={} body=b''
2025-09-26 14:32:57,756 INFO main - MCP RESP GET /health status=200
2025-09-26 14:33:27,862 INFO main - MCP CALL GET /health q={} body=b''
2025-09-26 14:33:27,863 INFO main - MCP RESP GET /health status=200
2025-09-26 14:33:57,974 INFO main - MCP CALL GET /health q={} body=b''
2025-09-26 14:33:57,975 INFO main - MCP RESP GET /health status=200
2025-09-26 14:34:28,106 INFO main - MCP CALL GET /health q={} body=b''
2025-09-26 14:34:28,107 INFO main - MCP RESP GET /health status=200
2025-09-26 14:34:58,238 INFO main - MCP CALL GET /health q={} body=b''
2025-09-26 14:34:58,239 INFO main - MCP RESP GET /health status=200
2025-09-26 14:35:28,335 INFO main - MCP CALL GET /health q={} body=b''
2025-09-26 14:35:28,335 INFO main - MCP RESP GET /health status=200
2025-09-26 14:35:58,438 INFO main - MCP CALL GET /health q={} body=b''
2025-09-26 14:35:58,439 INFO main - MCP RESP GET /health status=200
2025-09-26 14:36:28,575 INFO main - MCP CALL GET /health q={} body=b''
2025-09-26 14:36:28,576 INFO main - MCP RESP GET /health status=200
2025-09-26 14:36:58,721 INFO main - MCP CALL GET /health q={} body=b''
2025-09-26 14:36:58,722 INFO main - MCP RESP GET /health status=200
2025-09-26 14:37:28,861 INFO main - MCP CALL GET /health q={} body=b''
2025-09-26 14:37:28,862 INFO main - MCP RESP GET /health status=200
2025-09-26 14:37:58,975 INFO main - MCP CALL GET /health q={} body=b''
2025-09-26 14:37:58,976 INFO main - MCP RESP GET /health status=200
2025-09-26 14:38:29,088 INFO main - MCP CALL GET /health q={} body=b''
2025-09-26 14:38:29,089 INFO main - MCP RESP GET /health status=200
2025-09-26 14:38:59,188 INFO main - MCP CALL GET /health q={} body=b''
2025-09-26 14:38:59,190 INFO main - MCP RESP GET /health status=200
2025-09-26 14:39:29,318 INFO main - MCP CALL GET /health q={} body=b''
2025-09-26 14:39:29,319 INFO main - MCP RESP GET /health status=200
2025-09-26 14:39:59,442 INFO main - MCP CALL GET /health q={} body=b''
2025-09-26 14:39:59,443 INFO main - MCP RESP GET /health status=200
2025-09-26 14:40:29,584 INFO main - MCP CALL GET /health q={} body=b''
2025-09-26 14:40:29,585 INFO main - MCP RESP GET /health status=200
2025-09-26 14:40:59,716 INFO main - MCP CALL GET /health q={} body=b''
2025-09-26 14:40:59,717 INFO main - MCP RESP GET /health status=200
2025-09-26 14:41:29,859 INFO main - MCP CALL GET /health q={} body=b''
2025-09-26 14:41:29,860 INFO main - MCP RESP GET /health status=200
2025-09-26 14:41:59,994 INFO main - MCP CALL GET /health q={} body=b''
2025-09-26 14:41:59,995 INFO main - MCP RESP GET /health status=200
2025-09-26 14:42:30,132 INFO main - MCP CALL GET /health q={} body=b''
2025-09-26 14:42:30,133 INFO main - MCP RESP GET /health status=200
2025-09-26 14:43:00,288 INFO main - MCP CALL GET /health q={} body=b''
2025-09-26 14:43:00,291 INFO main - MCP RESP GET /health status=200
2025-09-26 14:43:30,442 INFO main - MCP CALL GET /health q={} body=b''
2025-09-26 14:43:30,443 INFO main - MCP RESP GET /health status=200
2025-09-26 14:44:00,563 INFO main - MCP CALL GET /health q={} body=b''
2025-09-26 14:44:00,564 INFO main - MCP RESP GET /health status=200
2025-09-26 14:44:30,686 INFO main - MCP CALL GET /health q={} body=b''
2025-09-26 14:44:30,687 INFO main - MCP RESP GET /health status=200
2025-09-26 14:45:00,796 INFO main - MCP CALL GET /health q={} body=b''
2025-09-26 14:45:00,797 INFO main - MCP RESP GET /health status=200
2025-09-26 14:45:30,939 INFO main - MCP CALL GET /health q={} body=b''
2025-09-26 14:45:30,940 INFO main - MCP RESP GET /health status=200
2025-09-26 14:46:01,067 INFO main - MCP CALL GET /health q={} body=b''
2025-09-26 14:46:01,068 INFO main - MCP RESP GET /health status=200
2025-09-26 14:46:31,175 INFO main - MCP CALL GET /health q={} body=b''
2025-09-26 14:46:31,175 INFO main - MCP RESP GET /health status=200
2025-09-26 14:47:01,307 INFO main - MCP CALL GET /health q={} body=b''
2025-09-26 14:47:01,307 INFO main - MCP RESP GET /health status=200
2025-09-26 14:47:31,448 INFO main - MCP CALL GET /health q={} body=b''
2025-09-26 14:47:31,449 INFO main - MCP RESP GET /health status=200
2025-09-26 14:48:01,567 INFO main - MCP CALL GET /health q={} body=b''
2025-09-26 14:48:01,568 INFO main - MCP RESP GET /health status=200
2025-09-26 14:48:31,695 INFO main - MCP CALL GET /health q={} body=b''
2025-09-26 14:48:31,696 INFO main - MCP RESP GET /health status=200
2025-09-26 14:49:01,828 INFO main - MCP CALL GET /health q={} body=b''
2025-09-26 14:49:01,829 INFO main - MCP RESP GET /health status=200
2025-09-26 14:49:31,938 INFO main - MCP CALL GET /health q={} body=b''
2025-09-26 14:49:31,939 INFO main - MCP RESP GET /health status=200
2025-09-26 14:50:02,083 INFO main - MCP CALL GET /health q={} body=b''
2025-09-26 14:50:02,084 INFO main - MCP RESP GET /health status=200
2025-09-26 14:50:32,227 INFO main - MCP CALL GET /health q={} body=b''
2025-09-26 14:50:32,228 INFO main - MCP RESP GET /health status=200
2025-09-26 14:51:02,369 INFO main - MCP CALL GET /health q={} body=b''
2025-09-26 14:51:02,370 INFO main - MCP RESP GET /health status=200
2025-09-26 14:51:32,490 INFO main - MCP CALL GET /health q={} body=b''
2025-09-26 14:51:32,491 INFO main - MCP RESP GET /health status=200
2025-09-26 14:52:02,618 INFO main - MCP CALL GET /health q={} body=b''
2025-09-26 14:52:02,619 INFO main - MCP RESP GET /health status=200
2025-09-26 14:52:32,744 INFO main - MCP CALL GET /health q={} body=b''
2025-09-26 14:52:32,744 INFO main - MCP RESP GET /health status=200
2025-09-26 14:53:02,856 INFO main - MCP CALL GET /health q={} body=b''
2025-09-26 14:53:02,857 INFO main - MCP RESP GET /health status=200
2025-09-26 14:53:32,968 INFO main - MCP CALL GET /health q={} body=b''
2025-09-26 14:53:32,969 INFO main - MCP RESP GET /health status=200
2025-09-26 14:54:03,098 INFO main - MCP CALL GET /health q={} body=b''
2025-09-26 14:54:03,099 INFO main - MCP RESP GET /health status=200
2025-09-26 14:54:33,227 INFO main - MCP CALL GET /health q={} body=b''
2025-09-26 14:54:33,227 INFO main - MCP RESP GET /health status=200
2025-09-26 14:55:03,335 INFO main - MCP CALL GET /health q={} body=b''
2025-09-26 14:55:03,335 INFO main - MCP RESP GET /health status=200
2025-09-26 14:55:33,447 INFO main - MCP CALL GET /health q={} body=b''
2025-09-26 14:55:33,447 INFO main - MCP RESP GET /health status=200
2025-09-26 14:56:03,583 INFO main - MCP CALL GET /health q={} body=b''
2025-09-26 14:56:03,584 INFO main - MCP RESP GET /health status=200
2025-09-26 14:56:33,723 INFO main - MCP CALL GET /health q={} body=b''
2025-09-26 14:56:33,724 INFO main - MCP RESP GET /health status=200
2025-09-26 14:57:03,874 INFO main - MCP CALL GET /health q={} body=b''
2025-09-26 14:57:03,875 INFO main - MCP RESP GET /health status=200
2025-09-26 14:57:33,991 INFO main - MCP CALL GET /health q={} body=b''
2025-09-26 14:57:33,992 INFO main - MCP RESP GET /health status=200
2025-09-26 14:58:04,127 INFO main - MCP CALL GET /health q={} body=b''
2025-09-26 14:58:04,128 INFO main - MCP RESP GET /health status=200
2025-09-26 14:58:34,235 INFO main - MCP CALL GET /health q={} body=b''
2025-09-26 14:58:34,236 INFO main - MCP RESP GET /health status=200
2025-09-26 14:59:04,363 INFO main - MCP CALL GET /health q={} body=b''
2025-09-26 14:59:04,364 INFO main - MCP RESP GET /health status=200
2025-09-26 14:59:34,487 INFO main - MCP CALL GET /health q={} body=b''
2025-09-26 14:59:34,488 INFO main - MCP RESP GET /health status=200
2025-09-26 15:00:04,693 INFO main - MCP CALL GET /health q={} body=b''
2025-09-26 15:00:04,694 INFO main - MCP RESP GET /health status=200
2025-09-26 15:00:34,811 INFO main - MCP CALL GET /health q={} body=b''
2025-09-26 15:00:34,812 INFO main - MCP RESP GET /health status=200
2025-09-26 15:01:04,955 INFO main - MCP CALL GET /health q={} body=b''
2025-09-26 15:01:04,956 INFO main - MCP RESP GET /health status=200
2025-09-26 15:01:35,080 INFO main - MCP CALL GET /health q={} body=b''
2025-09-26 15:01:35,080 INFO main - MCP RESP GET /health status=200
2025-09-26 15:02:05,199 INFO main - MCP CALL GET /health q={} body=b''
2025-09-26 15:02:05,200 INFO main - MCP RESP GET /health status=200
2025-09-26 15:02:35,324 INFO main - MCP CALL GET /health q={} body=b''
2025-09-26 15:02:35,325 INFO main - MCP RESP GET /health status=200
2025-09-26 15:03:05,460 INFO main - MCP CALL GET /health q={} body=b''
2025-09-26 15:03:05,461 INFO main - MCP RESP GET /health status=200
2025-09-26 15:03:35,607 INFO main - MCP CALL GET /health q={} body=b''
2025-09-26 15:03:35,608 INFO main - MCP RESP GET /health status=200
2025-09-26 15:04:05,740 INFO main - MCP CALL GET /health q={} body=b''
2025-09-26 15:04:05,741 INFO main - MCP RESP GET /health status=200
2025-09-26 15:04:35,863 INFO main - MCP CALL GET /health q={} body=b''
2025-09-26 15:04:35,864 INFO main - MCP RESP GET /health status=200
2025-09-26 15:05:06,000 INFO main - MCP CALL GET /health q={} body=b''
2025-09-26 15:05:06,000 INFO main - MCP RESP GET /health status=200
2025-09-26 15:05:36,123 INFO main - MCP CALL GET /health q={} body=b''
2025-09-26 15:05:36,124 INFO main - MCP RESP GET /health status=200
2025-09-26 15:06:06,268 INFO main - MCP CALL GET /health q={} body=b''
2025-09-26 15:06:06,269 INFO main - MCP RESP GET /health status=200
2025-09-26 15:06:36,407 INFO main - MCP CALL GET /health q={} body=b''
2025-09-26 15:06:36,408 INFO main - MCP RESP GET /health status=200
2025-09-26 15:07:06,525 INFO main - MCP CALL GET /health q={} body=b''
2025-09-26 15:07:06,526 INFO main - MCP RESP GET /health status=200
2025-09-26 15:07:36,652 INFO main - MCP CALL GET /health q={} body=b''
2025-09-26 15:07:36,653 INFO main - MCP RESP GET /health status=200
2025-09-26 15:08:06,794 INFO main - MCP CALL GET /health q={} body=b''
2025-09-26 15:08:06,795 INFO main - MCP RESP GET /health status=200
2025-09-26 15:08:36,923 INFO main - MCP CALL GET /health q={} body=b''
2025-09-26 15:08:36,924 INFO main - MCP RESP GET /health status=200
2025-09-26 15:09:07,047 INFO main - MCP CALL GET /health q={} body=b''
2025-09-26 15:09:07,048 INFO main - MCP RESP GET /health status=200
2025-09-26 15:09:37,188 INFO main - MCP CALL GET /health q={} body=b''
2025-09-26 15:09:37,189 INFO main - MCP RESP GET /health status=200
2025-09-26 15:10:07,332 INFO main - MCP CALL GET /health q={} body=b''
2025-09-26 15:10:07,339 INFO main - MCP RESP GET /health status=200
2025-09-26 15:10:37,450 INFO main - MCP CALL GET /health q={} body=b''
2025-09-26 15:10:37,451 INFO main - MCP RESP GET /health status=200
2025-09-26 15:11:07,569 INFO main - MCP CALL GET /health q={} body=b''
2025-09-26 15:11:07,570 INFO main - MCP RESP GET /health status=200
2025-09-26 15:11:37,702 INFO main - MCP CALL GET /health q={} body=b''
2025-09-26 15:11:37,703 INFO main - MCP RESP GET /health status=200
2025-09-26 15:12:07,820 INFO main - MCP CALL GET /health q={} body=b''
2025-09-26 15:12:07,821 INFO main - MCP RESP GET /health status=200
2025-09-26 15:12:37,967 INFO main - MCP CALL GET /health q={} body=b''
2025-09-26 15:12:37,968 INFO main - MCP RESP GET /health status=200
2025-09-26 15:13:08,104 INFO main - MCP CALL GET /health q={} body=b''
2025-09-26 15:13:08,105 INFO main - MCP RESP GET /health status=200
2025-09-26 15:13:38,239 INFO main - MCP CALL GET /health q={} body=b''
2025-09-26 15:13:38,240 INFO main - MCP RESP GET /health status=200
2025-09-26 15:14:08,356 INFO main - MCP CALL GET /health q={} body=b''
2025-09-26 15:14:08,356 INFO main - MCP RESP GET /health status=200
2025-09-26 15:14:38,480 INFO main - MCP CALL GET /health q={} body=b''
2025-09-26 15:14:38,480 INFO main - MCP RESP GET /health status=200
2025-09-26 15:15:08,612 INFO main - MCP CALL GET /health q={} body=b''
2025-09-26 15:15:08,612 INFO main - MCP RESP GET /health status=200
2025-09-26 15:15:38,727 INFO main - MCP CALL GET /health q={} body=b''
2025-09-26 15:15:38,728 INFO main - MCP RESP GET /health status=200
2025-09-26 15:16:08,874 INFO main - MCP CALL GET /health q={} body=b''
2025-09-26 15:16:08,875 INFO main - MCP RESP GET /health status=200
2025-09-26 15:16:39,000 INFO main - MCP CALL GET /health q={} body=b''
2025-09-26 15:16:39,000 INFO main - MCP RESP GET /health status=200
2025-09-26 15:17:09,131 INFO main - MCP CALL GET /health q={} body=b''
2025-09-26 15:17:09,138 INFO main - MCP RESP GET /health status=200
2025-09-26 15:17:39,262 INFO main - MCP CALL GET /health q={} body=b''
2025-09-26 15:17:39,262 INFO main - MCP RESP GET /health status=200
2025-09-26 15:18:09,416 INFO main - MCP CALL GET /health q={} body=b''
2025-09-26 15:18:09,417 INFO main - MCP RESP GET /health status=200
2025-09-26 15:18:39,551 INFO main - MCP CALL GET /health q={} body=b''
2025-09-26 15:18:39,552 INFO main - MCP RESP GET /health status=200
2025-09-26 15:19:09,683 INFO main - MCP CALL GET /health q={} body=b''
2025-09-26 15:19:09,684 INFO main - MCP RESP GET /health status=200
2025-09-26 15:19:39,811 INFO main - MCP CALL GET /health q={} body=b''
2025-09-26 15:19:39,812 INFO main - MCP RESP GET /health status=200
2025-09-26 15:20:09,950 INFO main - MCP CALL GET /health q={} body=b''
2025-09-26 15:20:09,955 INFO main - MCP RESP GET /health status=200
2025-09-26 15:20:40,062 INFO main - MCP CALL GET /health q={} body=b''
2025-09-26 15:20:40,062 INFO main - MCP RESP GET /health status=200
2025-09-26 15:21:10,178 INFO main - MCP CALL GET /health q={} body=b''
2025-09-26 15:21:10,179 INFO main - MCP RESP GET /health status=200
2025-09-26 15:21:40,283 INFO main - MCP CALL GET /health q={} body=b''
2025-09-26 15:21:40,284 INFO main - MCP RESP GET /health status=200
2025-09-26 15:22:10,396 INFO main - MCP CALL GET /health q={} body=b''
2025-09-26 15:22:10,396 INFO main - MCP RESP GET /health status=200
2025-09-26 15:22:40,540 INFO main - MCP CALL GET /health q={} body=b''
2025-09-26 15:22:40,540 INFO main - MCP RESP GET /health status=200
2025-09-26 15:23:10,666 INFO main - MCP CALL GET /health q={} body=b''
2025-09-26 15:23:10,667 INFO main - MCP RESP GET /health status=200
2025-09-26 15:23:40,811 INFO main - MCP CALL GET /health q={} body=b''
2025-09-26 15:23:40,812 INFO main - MCP RESP GET /health status=200
2025-09-26 15:24:10,938 INFO main - MCP CALL GET /health q={} body=b''
2025-09-26 15:24:10,939 INFO main - MCP RESP GET /health status=200
2025-09-26 15:24:41,075 INFO main - MCP CALL GET /health q={} body=b''
2025-09-26 15:24:41,076 INFO main - MCP RESP GET /health status=200
2025-09-26 15:25:11,223 INFO main - MCP CALL GET /health q={} body=b''
2025-09-26 15:25:11,224 INFO main - MCP RESP GET /health status=200
2025-09-26 15:25:41,355 INFO main - MCP CALL GET /health q={} body=b''
2025-09-26 15:25:41,356 INFO main - MCP RESP GET /health status=200
2025-09-26 15:26:11,469 INFO main - MCP CALL GET /health q={} body=b''
2025-09-26 15:26:11,470 INFO main - MCP RESP GET /health status=200
2025-09-26 15:26:41,596 INFO main - MCP CALL GET /health q={} body=b''
2025-09-26 15:26:41,597 INFO main - MCP RESP GET /health status=200
2025-09-26 15:27:11,719 INFO main - MCP CALL GET /health q={} body=b''
2025-09-26 15:27:11,720 INFO main - MCP RESP GET /health status=200
2025-09-26 15:27:41,854 INFO main - MCP CALL GET /health q={} body=b''
2025-09-26 15:27:41,855 INFO main - MCP RESP GET /health status=200
2025-09-26 15:28:11,963 INFO main - MCP CALL GET /health q={} body=b''
2025-09-26 15:28:11,963 INFO main - MCP RESP GET /health status=200
2025-09-26 15:28:42,071 INFO main - MCP CALL GET /health q={} body=b''
2025-09-26 15:28:42,071 INFO main - MCP RESP GET /health status=200
2025-09-26 15:29:12,197 INFO main - MCP CALL GET /health q={} body=b''
2025-09-26 15:29:12,202 INFO main - MCP RESP GET /health status=200
2025-09-26 15:29:42,312 INFO main - MCP CALL GET /health q={} body=b''
2025-09-26 15:29:42,313 INFO main - MCP RESP GET /health status=200
2025-09-26 15:30:12,442 INFO main - MCP CALL GET /health q={} body=b''
2025-09-26 15:30:12,442 INFO main - MCP RESP GET /health status=200
2025-09-26 15:30:42,550 INFO main - MCP CALL GET /health q={} body=b''
2025-09-26 15:30:42,551 INFO main - MCP RESP GET /health status=200
2025-09-26 15:31:12,663 INFO main - MCP CALL GET /health q={} body=b''
2025-09-26 15:31:12,664 INFO main - MCP RESP GET /health status=200
2025-09-26 15:31:42,783 INFO main - MCP CALL GET /health q={} body=b''
2025-09-26 15:31:42,783 INFO main - MCP RESP GET /health status=200
2025-09-26 15:32:12,892 INFO main - MCP CALL GET /health q={} body=b''
2025-09-26 15:32:12,893 INFO main - MCP RESP GET /health status=200
2025-09-26 15:32:43,021 INFO main - MCP CALL GET /health q={} body=b''
2025-09-26 15:32:43,021 INFO main - MCP RESP GET /health status=200
2025-09-26 15:33:13,140 INFO main - MCP CALL GET /health q={} body=b''
2025-09-26 15:33:13,141 INFO main - MCP RESP GET /health status=200
2025-09-26 15:33:43,268 INFO main - MCP CALL GET /health q={} body=b''
2025-09-26 15:33:43,269 INFO main - MCP RESP GET /health status=200
2025-09-26 15:34:13,382 INFO main - MCP CALL GET /health q={} body=b''
2025-09-26 15:34:13,383 INFO main - MCP RESP GET /health status=200
2025-09-26 15:34:43,510 INFO main - MCP CALL GET /health q={} body=b''
2025-09-26 15:34:43,511 INFO main - MCP RESP GET /health status=200
2025-09-26 15:35:13,628 INFO main - MCP CALL GET /health q={} body=b''
2025-09-26 15:35:13,629 INFO main - MCP RESP GET /health status=200
2025-09-26 15:35:43,743 INFO main - MCP CALL GET /health q={} body=b''
2025-09-26 15:35:43,744 INFO main - MCP RESP GET /health status=200
2025-09-26 15:36:13,874 INFO main - MCP CALL GET /health q={} body=b''
2025-09-26 15:36:13,875 INFO main - MCP RESP GET /health status=200
2025-09-26 15:36:43,999 INFO main - MCP CALL GET /health q={} body=b''
2025-09-26 15:36:44,000 INFO main - MCP RESP GET /health status=200
2025-09-26 15:37:14,122 INFO main - MCP CALL GET /health q={} body=b''
2025-09-26 15:37:14,123 INFO main - MCP RESP GET /health status=200
2025-09-26 15:37:44,239 INFO main - MCP CALL GET /health q={} body=b''
2025-09-26 15:37:44,240 INFO main - MCP RESP GET /health status=200
2025-09-26 15:38:14,351 INFO main - MCP CALL GET /health q={} body=b''
2025-09-26 15:38:14,352 INFO main - MCP RESP GET /health status=200
2025-09-26 15:38:44,499 INFO main - MCP CALL GET /health q={} body=b''
2025-09-26 15:38:44,500 INFO main - MCP RESP GET /health status=200
2025-09-26 15:39:14,627 INFO main - MCP CALL GET /health q={} body=b''
2025-09-26 15:39:14,628 INFO main - MCP RESP GET /health status=200
2025-09-26 15:39:44,739 INFO main - MCP CALL GET /health q={} body=b''
2025-09-26 15:39:44,740 INFO main - MCP RESP GET /health status=200
2025-09-26 15:40:14,870 INFO main - MCP CALL GET /health q={} body=b''
2025-09-26 15:40:14,870 INFO main - MCP RESP GET /health status=200
2025-09-26 15:40:44,988 INFO main - MCP CALL GET /health q={} body=b''
2025-09-26 15:40:44,989 INFO main - MCP RESP GET /health status=200
2025-09-26 15:41:15,126 INFO main - MCP CALL GET /health q={} body=b''
2025-09-26 15:41:15,127 INFO main - MCP RESP GET /health status=200
2025-09-26 15:41:45,266 INFO main - MCP CALL GET /health q={} body=b''
2025-09-26 15:41:45,267 INFO main - MCP RESP GET /health status=200
2025-09-26 15:42:15,391 INFO main - MCP CALL GET /health q={} body=b''
2025-09-26 15:42:15,392 INFO main - MCP RESP GET /health status=200
2025-09-26 15:42:45,514 INFO main - MCP CALL GET /health q={} body=b''
2025-09-26 15:42:45,515 INFO main - MCP RESP GET /health status=200
2025-09-26 15:43:15,643 INFO main - MCP CALL GET /health q={} body=b''
2025-09-26 15:43:15,644 INFO main - MCP RESP GET /health status=200
2025-09-26 15:43:45,781 INFO main - MCP CALL GET /health q={} body=b''
2025-09-26 15:43:45,786 INFO main - MCP RESP GET /health status=200
2025-09-26 15:44:15,902 INFO main - MCP CALL GET /health q={} body=b''
2025-09-26 15:44:15,903 INFO main - MCP RESP GET /health status=200
2025-09-26 15:44:46,039 INFO main - MCP CALL GET /health q={} body=b''
2025-09-26 15:44:46,040 INFO main - MCP RESP GET /health status=200
2025-09-26 15:45:16,174 INFO main - MCP CALL GET /health q={} body=b''
2025-09-26 15:45:16,175 INFO main - MCP RESP GET /health status=200
2025-09-26 15:45:46,305 INFO main - MCP CALL GET /health q={} body=b''
2025-09-26 15:45:46,305 INFO main - MCP RESP GET /health status=200
2025-09-26 15:46:16,428 INFO main - MCP CALL GET /health q={} body=b''
2025-09-26 15:46:16,428 INFO main - MCP RESP GET /health status=200
2025-09-26 15:46:46,533 INFO main - MCP CALL GET /health q={} body=b''
2025-09-26 15:46:46,534 INFO main - MCP RESP GET /health status=200
2025-09-26 15:47:16,659 INFO main - MCP CALL GET /health q={} body=b''
2025-09-26 15:47:16,660 INFO main - MCP RESP GET /health status=200
2025-09-26 15:47:46,795 INFO main - MCP CALL GET /health q={} body=b''
2025-09-26 15:47:46,796 INFO main - MCP RESP GET /health status=200
2025-09-26 15:48:16,912 INFO main - MCP CALL GET /health q={} body=b''
2025-09-26 15:48:16,913 INFO main - MCP RESP GET /health status=200
2025-09-26 15:48:47,037 INFO main - MCP CALL GET /health q={} body=b''
2025-09-26 15:48:47,042 INFO main - MCP RESP GET /health status=200
2025-09-26 15:49:17,181 INFO main - MCP CALL GET /health q={} body=b''
2025-09-26 15:49:17,181 INFO main - MCP RESP GET /health status=200
2025-09-26 15:49:47,306 INFO main - MCP CALL GET /health q={} body=b''
2025-09-26 15:49:47,311 INFO main - MCP RESP GET /health status=200
2025-09-26 15:50:17,438 INFO main - MCP CALL GET /health q={} body=b''
2025-09-26 15:50:17,439 INFO main - MCP RESP GET /health status=200
2025-09-26 15:50:47,581 INFO main - MCP CALL GET /health q={} body=b''
2025-09-26 15:50:47,582 INFO main - MCP RESP GET /health status=200
2025-09-26 15:51:17,711 INFO main - MCP CALL GET /health q={} body=b''
2025-09-26 15:51:17,712 INFO main - MCP RESP GET /health status=200
2025-09-26 15:51:47,847 INFO main - MCP CALL GET /health q={} body=b''
2025-09-26 15:51:47,848 INFO main - MCP RESP GET /health status=200
2025-09-26 15:52:17,995 INFO main - MCP CALL GET /health q={} body=b''
2025-09-26 15:52:17,996 INFO main - MCP RESP GET /health status=200
2025-09-26 15:52:48,132 INFO main - MCP CALL GET /health q={} body=b''
2025-09-26 15:52:48,133 INFO main - MCP RESP GET /health status=200
2025-09-26 15:53:18,268 INFO main - MCP CALL GET /health q={} body=b''
2025-09-26 15:53:18,269 INFO main - MCP RESP GET /health status=200
2025-09-26 15:53:48,398 INFO main - MCP CALL GET /health q={} body=b''
2025-09-26 15:53:48,399 INFO main - MCP RESP GET /health status=200
2025-09-26 15:54:18,518 INFO main - MCP CALL GET /health q={} body=b''
2025-09-26 15:54:18,519 INFO main - MCP RESP GET /health status=200
2025-09-26 15:54:48,628 INFO main - MCP CALL GET /health q={} body=b''
2025-09-26 15:54:48,629 INFO main - MCP RESP GET /health status=200
2025-09-26 15:55:18,743 INFO main - MCP CALL GET /health q={} body=b''
2025-09-26 15:55:18,744 INFO main - MCP RESP GET /health status=200
2025-09-26 15:55:48,884 INFO main - MCP CALL GET /health q={} body=b''
2025-09-26 15:55:48,884 INFO main - MCP RESP GET /health status=200
2025-09-26 15:56:19,027 INFO main - MCP CALL GET /health q={} body=b''
2025-09-26 15:56:19,028 INFO main - MCP RESP GET /health status=200
2025-09-26 15:56:49,159 INFO main - MCP CALL GET /health q={} body=b''
2025-09-26 15:56:49,160 INFO main - MCP RESP GET /health status=200
2025-09-26 15:57:19,285 INFO main - MCP CALL GET /health q={} body=b''
2025-09-26 15:57:19,286 INFO main - MCP RESP GET /health status=200
2025-09-26 15:57:49,398 INFO main - MCP CALL GET /health q={} body=b''
2025-09-26 15:57:49,399 INFO main - MCP RESP GET /health status=200
2025-09-26 15:58:19,530 INFO main - MCP CALL GET /health q={} body=b''
2025-09-26 15:58:19,531 INFO main - MCP RESP GET /health status=200
2025-09-26 15:58:49,648 INFO main - MCP CALL GET /health q={} body=b''
2025-09-26 15:58:49,649 INFO main - MCP RESP GET /health status=200
2025-09-26 15:59:19,779 INFO main - MCP CALL GET /health q={} body=b''
2025-09-26 15:59:19,780 INFO main - MCP RESP GET /health status=200
2025-09-26 15:59:49,888 INFO main - MCP CALL GET /health q={} body=b''
2025-09-26 15:59:49,889 INFO main - MCP RESP GET /health status=200
2025-09-26 16:00:20,014 INFO main - MCP CALL GET /health q={} body=b''
2025-09-26 16:00:20,019 INFO main - MCP RESP GET /health status=200
2025-09-26 16:00:50,139 INFO main - MCP CALL GET /health q={} body=b''
2025-09-26 16:00:50,139 INFO main - MCP RESP GET /health status=200
2025-09-26 16:01:20,242 INFO main - MCP CALL GET /health q={} body=b''
2025-09-26 16:01:20,243 INFO main - MCP RESP GET /health status=200
2025-09-26 16:01:50,351 INFO main - MCP CALL GET /health q={} body=b''
2025-09-26 16:01:50,352 INFO main - MCP RESP GET /health status=200
2025-09-26 16:02:20,467 INFO main - MCP CALL GET /health q={} body=b''
2025-09-26 16:02:20,467 INFO main - MCP RESP GET /health status=200
2025-09-26 16:02:50,581 INFO main - MCP CALL GET /health q={} body=b''
2025-09-26 16:02:50,582 INFO main - MCP RESP GET /health status=200
2025-09-26 16:03:20,721 INFO main - MCP CALL GET /health q={} body=b''
2025-09-26 16:03:20,722 INFO main - MCP RESP GET /health status=200
2025-09-26 16:03:50,846 INFO main - MCP CALL GET /health q={} body=b''
2025-09-26 16:03:50,847 INFO main - MCP RESP GET /health status=200
2025-09-26 16:04:20,975 INFO main - MCP CALL GET /health q={} body=b''
2025-09-26 16:04:20,976 INFO main - MCP RESP GET /health status=200
2025-09-26 16:04:51,104 INFO main - MCP CALL GET /health q={} body=b''
2025-09-26 16:04:51,105 INFO main - MCP RESP GET /health status=200
2025-09-26 16:05:21,211 INFO main - MCP CALL GET /health q={} body=b''
2025-09-26 16:05:21,212 INFO main - MCP RESP GET /health status=200
2025-09-26 16:05:51,337 INFO main - MCP CALL GET /health q={} body=b''
2025-09-26 16:05:51,337 INFO main - MCP RESP GET /health status=200
2025-09-26 16:06:21,467 INFO main - MCP CALL GET /health q={} body=b''
2025-09-26 16:06:21,468 INFO main - MCP RESP GET /health status=200
2025-09-26 16:06:51,614 INFO main - MCP CALL GET /health q={} body=b''
2025-09-26 16:06:51,615 INFO main - MCP RESP GET /health status=200
2025-09-26 16:07:21,742 INFO main - MCP CALL GET /health q={} body=b''
2025-09-26 16:07:21,743 INFO main - MCP RESP GET /health status=200
2025-09-26 16:07:51,873 INFO main - MCP CALL GET /health q={} body=b''
2025-09-26 16:07:51,874 INFO main - MCP RESP GET /health status=200
2025-09-26 16:08:21,983 INFO main - MCP CALL GET /health q={} body=b''
2025-09-26 16:08:21,984 INFO main - MCP RESP GET /health status=200
2025-09-26 16:08:52,104 INFO main - MCP CALL GET /health q={} body=b''
2025-09-26 16:08:52,105 INFO main - MCP RESP GET /health status=200
2025-09-26 16:09:22,235 INFO main - MCP CALL GET /health q={} body=b''
2025-09-26 16:09:22,236 INFO main - MCP RESP GET /health status=200
2025-09-26 16:09:52,371 INFO main - MCP CALL GET /health q={} body=b''
2025-09-26 16:09:52,372 INFO main - MCP RESP GET /health status=200
2025-09-26 16:10:22,487 INFO main - MCP CALL GET /health q={} body=b''
2025-09-26 16:10:22,488 INFO main - MCP RESP GET /health status=200
2025-09-26 16:10:52,631 INFO main - MCP CALL GET /health q={} body=b''
2025-09-26 16:10:52,632 INFO main - MCP RESP GET /health status=200
2025-09-26 16:11:22,754 INFO main - MCP CALL GET /health q={} body=b''
2025-09-26 16:11:22,755 INFO main - MCP RESP GET /health status=200
2025-09-26 16:11:52,848 INFO main - MCP CALL GET /health q={} body=b''
2025-09-26 16:11:52,849 INFO main - MCP RESP GET /health status=200
2025-09-26 16:12:22,980 INFO main - MCP CALL GET /health q={} body=b''
2025-09-26 16:12:22,981 INFO main - MCP RESP GET /health status=200
2025-09-26 16:12:53,106 INFO main - MCP CALL GET /health q={} body=b''
2025-09-26 16:12:53,107 INFO main - MCP RESP GET /health status=200
2025-09-26 16:13:23,235 INFO main - MCP CALL GET /health q={} body=b''
2025-09-26 16:13:23,236 INFO main - MCP RESP GET /health status=200
2025-09-26 16:13:53,333 INFO main - MCP CALL GET /health q={} body=b''
2025-09-26 16:13:53,334 INFO main - MCP RESP GET /health status=200
2025-09-26 16:14:23,468 INFO main - MCP CALL GET /health q={} body=b''
2025-09-26 16:14:23,469 INFO main - MCP RESP GET /health status=200
2025-09-26 16:14:53,571 INFO main - MCP CALL GET /health q={} body=b''
2025-09-26 16:14:53,572 INFO main - MCP RESP GET /health status=200
2025-09-26 16:15:23,702 INFO main - MCP CALL GET /health q={} body=b''
2025-09-26 16:15:23,703 INFO main - MCP RESP GET /health status=200
2025-09-26 16:15:53,828 INFO main - MCP CALL GET /health q={} body=b''
2025-09-26 16:15:53,829 INFO main - MCP RESP GET /health status=200
2025-09-26 16:16:23,967 INFO main - MCP CALL GET /health q={} body=b''
2025-09-26 16:16:23,968 INFO main - MCP RESP GET /health status=200
2025-09-26 16:16:54,102 INFO main - MCP CALL GET /health q={} body=b''
2025-09-26 16:16:54,103 INFO main - MCP RESP GET /health status=200
2025-09-26 16:17:24,232 INFO main - MCP CALL GET /health q={} body=b''
2025-09-26 16:17:24,233 INFO main - MCP RESP GET /health status=200
2025-09-26 16:17:54,355 INFO main - MCP CALL GET /health q={} body=b''
2025-09-26 16:17:54,355 INFO main - MCP RESP GET /health status=200
2025-09-26 16:18:24,470 INFO main - MCP CALL GET /health q={} body=b''
2025-09-26 16:18:24,471 INFO main - MCP RESP GET /health status=200
2025-09-26 16:18:54,595 INFO main - MCP CALL GET /health q={} body=b''
2025-09-26 16:18:54,596 INFO main - MCP RESP GET /health status=200
2025-09-26 16:19:24,738 INFO main - MCP CALL GET /health q={} body=b''
2025-09-26 16:19:24,739 INFO main - MCP RESP GET /health status=200
2025-09-26 16:19:54,862 INFO main - MCP CALL GET /health q={} body=b''
2025-09-26 16:19:54,863 INFO main - MCP RESP GET /health status=200
2025-09-26 16:20:24,990 INFO main - MCP CALL GET /health q={} body=b''
2025-09-26 16:20:24,990 INFO main - MCP RESP GET /health status=200
2025-09-26 16:20:55,131 INFO main - MCP CALL GET /health q={} body=b''
2025-09-26 16:20:55,131 INFO main - MCP RESP GET /health status=200
2025-09-26 16:21:25,272 INFO main - MCP CALL GET /health q={} body=b''
2025-09-26 16:21:25,273 INFO main - MCP RESP GET /health status=200
2025-09-26 16:21:55,405 INFO main - MCP CALL GET /health q={} body=b''
2025-09-26 16:21:55,406 INFO main - MCP RESP GET /health status=200
2025-09-26 16:22:25,527 INFO main - MCP CALL GET /health q={} body=b''
2025-09-26 16:22:25,528 INFO main - MCP RESP GET /health status=200
2025-09-26 16:22:55,649 INFO main - MCP CALL GET /health q={} body=b''
2025-09-26 16:22:55,650 INFO main - MCP RESP GET /health status=200
2025-09-26 16:23:25,775 INFO main - MCP CALL GET /health q={} body=b''
2025-09-26 16:23:25,776 INFO main - MCP RESP GET /health status=200
2025-09-26 16:23:55,901 INFO main - MCP CALL GET /health q={} body=b''
2025-09-26 16:23:55,901 INFO main - MCP RESP GET /health status=200
2025-09-26 16:24:26,041 INFO main - MCP CALL GET /health q={} body=b''
2025-09-26 16:24:26,042 INFO main - MCP RESP GET /health status=200
2025-09-26 16:24:56,189 INFO main - MCP CALL GET /health q={} body=b''
2025-09-26 16:24:56,190 INFO main - MCP RESP GET /health status=200
2025-09-26 16:25:26,298 INFO main - MCP CALL GET /health q={} body=b''
2025-09-26 16:25:26,299 INFO main - MCP RESP GET /health status=200
2025-09-26 16:25:56,418 INFO main - MCP CALL GET /health q={} body=b''
2025-09-26 16:25:56,419 INFO main - MCP RESP GET /health status=200
2025-09-26 16:26:26,554 INFO main - MCP CALL GET /health q={} body=b''
2025-09-26 16:26:26,555 INFO main - MCP RESP GET /health status=200
2025-09-26 16:26:56,683 INFO main - MCP CALL GET /health q={} body=b''
2025-09-26 16:26:56,683 INFO main - MCP RESP GET /health status=200
2025-09-26 16:27:26,796 INFO main - MCP CALL GET /health q={} body=b''
2025-09-26 16:27:26,797 INFO main - MCP RESP GET /health status=200
2025-09-26 16:27:56,953 INFO main - MCP CALL GET /health q={} body=b''
2025-09-26 16:27:56,954 INFO main - MCP RESP GET /health status=200
2025-09-26 16:28:27,099 INFO main - MCP CALL GET /health q={} body=b''
2025-09-26 16:28:27,100 INFO main - MCP RESP GET /health status=200
2025-09-26 16:28:57,216 INFO main - MCP CALL GET /health q={} body=b''
2025-09-26 16:28:57,217 INFO main - MCP RESP GET /health status=200
2025-09-26 16:29:27,326 INFO main - MCP CALL GET /health q={} body=b''
2025-09-26 16:29:27,327 INFO main - MCP RESP GET /health status=200
2025-09-26 16:29:57,455 INFO main - MCP CALL GET /health q={} body=b''
2025-09-26 16:29:57,456 INFO main - MCP RESP GET /health status=200
2025-09-26 16:30:27,605 INFO main - MCP CALL GET /health q={} body=b''
2025-09-26 16:30:27,606 INFO main - MCP RESP GET /health status=200
2025-09-26 16:30:57,748 INFO main - MCP CALL GET /health q={} body=b''
2025-09-26 16:30:57,749 INFO main - MCP RESP GET /health status=200
2025-09-26 16:31:27,867 INFO main - MCP CALL GET /health q={} body=b''
2025-09-26 16:31:27,868 INFO main - MCP RESP GET /health status=200
2025-09-26 16:31:57,978 INFO main - MCP CALL GET /health q={} body=b''
2025-09-26 16:31:57,979 INFO main - MCP RESP GET /health status=200
2025-09-26 16:32:28,104 INFO main - MCP CALL GET /health q={} body=b''
2025-09-26 16:32:28,105 INFO main - MCP RESP GET /health status=200
2025-09-26 16:32:58,210 INFO main - MCP CALL GET /health q={} body=b''
2025-09-26 16:32:58,211 INFO main - MCP RESP GET /health status=200
2025-09-26 16:33:28,323 INFO main - MCP CALL GET /health q={} body=b''
2025-09-26 16:33:28,324 INFO main - MCP RESP GET /health status=200
2025-09-26 16:33:58,439 INFO main - MCP CALL GET /health q={} body=b''
2025-09-26 16:33:58,440 INFO main - MCP RESP GET /health status=200
2025-09-26 16:34:28,561 INFO main - MCP CALL GET /health q={} body=b''
2025-09-26 16:34:28,561 INFO main - MCP RESP GET /health status=200
2025-09-26 16:34:58,666 INFO main - MCP CALL GET /health q={} body=b''
2025-09-26 16:34:58,667 INFO main - MCP RESP GET /health status=200
2025-09-26 16:35:28,781 INFO main - MCP CALL GET /health q={} body=b''
2025-09-26 16:35:28,782 INFO main - MCP RESP GET /health status=200
2025-09-26 16:35:58,875 INFO main - MCP CALL GET /health q={} body=b''
2025-09-26 16:35:58,876 INFO main - MCP RESP GET /health status=200
2025-09-26 16:36:28,988 INFO main - MCP CALL GET /health q={} body=b''
2025-09-26 16:36:28,989 INFO main - MCP RESP GET /health status=200
2025-09-26 16:36:59,092 INFO main - MCP CALL GET /health q={} body=b''
2025-09-26 16:36:59,093 INFO main - MCP RESP GET /health status=200
2025-09-26 16:37:29,204 INFO main - MCP CALL GET /health q={} body=b''
2025-09-26 16:37:29,205 INFO main - MCP RESP GET /health status=200
2025-09-26 16:37:59,333 INFO main - MCP CALL GET /health q={} body=b''
2025-09-26 16:37:59,333 INFO main - MCP RESP GET /health status=200
2025-09-26 16:38:29,478 INFO main - MCP CALL GET /health q={} body=b''
2025-09-26 16:38:29,479 INFO main - MCP RESP GET /health status=200
2025-09-26 16:38:59,596 INFO main - MCP CALL GET /health q={} body=b''
2025-09-26 16:38:59,596 INFO main - MCP RESP GET /health status=200
2025-09-26 16:39:29,739 INFO main - MCP CALL GET /health q={} body=b''
2025-09-26 16:39:29,740 INFO main - MCP RESP GET /health status=200
2025-09-26 16:39:59,878 INFO main - MCP CALL GET /health q={} body=b''
2025-09-26 16:39:59,879 INFO main - MCP RESP GET /health status=200
2025-09-26 16:40:30,009 INFO main - MCP CALL GET /health q={} body=b''
2025-09-26 16:40:30,010 INFO main - MCP RESP GET /health status=200
2025-09-26 16:41:00,146 INFO main - MCP CALL GET /health q={} body=b''
2025-09-26 16:41:00,151 INFO main - MCP RESP GET /health status=200
2025-09-26 16:41:30,281 INFO main - MCP CALL GET /health q={} body=b''
2025-09-26 16:41:30,282 INFO main - MCP RESP GET /health status=200
2025-09-26 16:42:00,410 INFO main - MCP CALL GET /health q={} body=b''
2025-09-26 16:42:00,411 INFO main - MCP RESP GET /health status=200
2025-09-26 16:42:30,534 INFO main - MCP CALL GET /health q={} body=b''
2025-09-26 16:42:30,535 INFO main - MCP RESP GET /health status=200
2025-09-26 16:43:00,655 INFO main - MCP CALL GET /health q={} body=b''
2025-09-26 16:43:00,656 INFO main - MCP RESP GET /health status=200
2025-09-26 16:43:30,782 INFO main - MCP CALL GET /health q={} body=b''
2025-09-26 16:43:30,783 INFO main - MCP RESP GET /health status=200
2025-09-26 16:44:00,916 INFO main - MCP CALL GET /health q={} body=b''
2025-09-26 16:44:00,917 INFO main - MCP RESP GET /health status=200
2025-09-26 16:44:31,035 INFO main - MCP CALL GET /health q={} body=b''
2025-09-26 16:44:31,036 INFO main - MCP RESP GET /health status=200
2025-09-26 16:45:01,175 INFO main - MCP CALL GET /health q={} body=b''
2025-09-26 16:45:01,176 INFO main - MCP RESP GET /health status=200
2025-09-26 16:45:31,316 INFO main - MCP CALL GET /health q={} body=b''
2025-09-26 16:45:31,317 INFO main - MCP RESP GET /health status=200
2025-09-26 16:46:01,440 INFO main - MCP CALL GET /health q={} body=b''
2025-09-26 16:46:01,446 INFO main - MCP RESP GET /health status=200
2025-09-26 16:46:31,569 INFO main - MCP CALL GET /health q={} body=b''
2025-09-26 16:46:31,569 INFO main - MCP RESP GET /health status=200
2025-09-26 16:47:01,714 INFO main - MCP CALL GET /health q={} body=b''
2025-09-26 16:47:01,714 INFO main - MCP RESP GET /health status=200
2025-09-26 16:47:31,827 INFO main - MCP CALL GET /health q={} body=b''
2025-09-26 16:47:31,827 INFO main - MCP RESP GET /health status=200
2025-09-26 16:48:01,950 INFO main - MCP CALL GET /health q={} body=b''
2025-09-26 16:48:01,955 INFO main - MCP RESP GET /health status=200
2025-09-26 16:48:32,071 INFO main - MCP CALL GET /health q={} body=b''
2025-09-26 16:48:32,071 INFO main - MCP RESP GET /health status=200
2025-09-26 16:49:02,179 INFO main - MCP CALL GET /health q={} body=b''
2025-09-26 16:49:02,179 INFO main - MCP RESP GET /health status=200
2025-09-26 16:49:32,286 INFO main - MCP CALL GET /health q={} body=b''
2025-09-26 16:49:32,287 INFO main - MCP RESP GET /health status=200
2025-09-26 16:50:02,421 INFO main - MCP CALL GET /health q={} body=b''
2025-09-26 16:50:02,422 INFO main - MCP RESP GET /health status=200
2025-09-26 16:50:32,549 INFO main - MCP CALL GET /health q={} body=b''
2025-09-26 16:50:32,550 INFO main - MCP RESP GET /health status=200
2025-09-26 16:51:02,674 INFO main - MCP CALL GET /health q={} body=b''
2025-09-26 16:51:02,675 INFO main - MCP RESP GET /health status=200
2025-09-26 16:51:32,796 INFO main - MCP CALL GET /health q={} body=b''
2025-09-26 16:51:32,797 INFO main - MCP RESP GET /health status=200
2025-09-26 16:52:02,915 INFO main - MCP CALL GET /health q={} body=b''
2025-09-26 16:52:02,916 INFO main - MCP RESP GET /health status=200
2025-09-26 16:52:33,023 INFO main - MCP CALL GET /health q={} body=b''
2025-09-26 16:52:33,024 INFO main - MCP RESP GET /health status=200
2025-09-26 16:53:03,142 INFO main - MCP CALL GET /health q={} body=b''
2025-09-26 16:53:03,143 INFO main - MCP RESP GET /health status=200
2025-09-26 16:53:33,279 INFO main - MCP CALL GET /health q={} body=b''
2025-09-26 16:53:33,280 INFO main - MCP RESP GET /health status=200
2025-09-26 16:54:03,424 INFO main - MCP CALL GET /health q={} body=b''
2025-09-26 16:54:03,424 INFO main - MCP RESP GET /health status=200
2025-09-26 16:54:33,563 INFO main - MCP CALL GET /health q={} body=b''
2025-09-26 16:54:33,564 INFO main - MCP RESP GET /health status=200
2025-09-26 16:55:03,694 INFO main - MCP CALL GET /health q={} body=b''
2025-09-26 16:55:03,695 INFO main - MCP RESP GET /health status=200
2025-09-26 16:55:33,819 INFO main - MCP CALL GET /health q={} body=b''
2025-09-26 16:55:33,819 INFO main - MCP RESP GET /health status=200
2025-09-26 16:56:03,925 INFO main - MCP CALL GET /health q={} body=b''
2025-09-26 16:56:03,930 INFO main - MCP RESP GET /health status=200
2025-09-26 16:56:34,067 INFO main - MCP CALL GET /health q={} body=b''
2025-09-26 16:56:34,068 INFO main - MCP RESP GET /health status=200
2025-09-26 16:57:04,180 INFO main - MCP CALL GET /health q={} body=b''
2025-09-26 16:57:04,181 INFO main - MCP RESP GET /health status=200
2025-09-26 16:57:34,287 INFO main - MCP CALL GET /health q={} body=b''
2025-09-26 16:57:34,288 INFO main - MCP RESP GET /health status=200
2025-09-26 16:58:04,413 INFO main - MCP CALL GET /health q={} body=b''
2025-09-26 16:58:04,414 INFO main - MCP RESP GET /health status=200
2025-09-26 16:58:34,540 INFO main - MCP CALL GET /health q={} body=b''
2025-09-26 16:58:34,541 INFO main - MCP RESP GET /health status=200
2025-09-26 16:59:04,657 INFO main - MCP CALL GET /health q={} body=b''
2025-09-26 16:59:04,657 INFO main - MCP RESP GET /health status=200
2025-09-26 16:59:34,783 INFO main - MCP CALL GET /health q={} body=b''
2025-09-26 16:59:34,784 INFO main - MCP RESP GET /health status=200
2025-09-26 17:00:04,919 INFO main - MCP CALL GET /health q={} body=b''
2025-09-26 17:00:04,920 INFO main - MCP RESP GET /health status=200
2025-09-26 17:00:35,043 INFO main - MCP CALL GET /health q={} body=b''
2025-09-26 17:00:35,044 INFO main - MCP RESP GET /health status=200
2025-09-26 17:01:05,172 INFO main - MCP CALL GET /health q={} body=b''
2025-09-26 17:01:05,173 INFO main - MCP RESP GET /health status=200
2025-09-26 17:01:35,314 INFO main - MCP CALL GET /health q={} body=b''
2025-09-26 17:01:35,315 INFO main - MCP RESP GET /health status=200
2025-09-26 17:02:05,436 INFO main - MCP CALL GET /health q={} body=b''
2025-09-26 17:02:05,437 INFO main - MCP RESP GET /health status=200
2025-09-26 17:02:35,563 INFO main - MCP CALL GET /health q={} body=b''
2025-09-26 17:02:35,564 INFO main - MCP RESP GET /health status=200
2025-09-26 17:03:05,692 INFO main - MCP CALL GET /health q={} body=b''
2025-09-26 17:03:05,693 INFO main - MCP RESP GET /health status=200
2025-09-26 17:03:35,829 INFO main - MCP CALL GET /health q={} body=b''
2025-09-26 17:03:35,830 INFO main - MCP RESP GET /health status=200
2025-09-26 17:04:05,955 INFO main - MCP CALL GET /health q={} body=b''
2025-09-26 17:04:05,955 INFO main - MCP RESP GET /health status=200
2025-09-26 17:04:36,071 INFO main - MCP CALL GET /health q={} body=b''
2025-09-26 17:04:36,072 INFO main - MCP RESP GET /health status=200
2025-09-26 17:05:06,189 INFO main - MCP CALL GET /health q={} body=b''
2025-09-26 17:05:06,190 INFO main - MCP RESP GET /health status=200
2025-09-26 17:05:36,323 INFO main - MCP CALL GET /health q={} body=b''
2025-09-26 17:05:36,324 INFO main - MCP RESP GET /health status=200
2025-09-26 17:06:06,461 INFO main - MCP CALL GET /health q={} body=b''
2025-09-26 17:06:06,462 INFO main - MCP RESP GET /health status=200
2025-09-26 17:06:36,579 INFO main - MCP CALL GET /health q={} body=b''
2025-09-26 17:06:36,580 INFO main - MCP RESP GET /health status=200
2025-09-26 17:07:06,734 INFO main - MCP CALL GET /health q={} body=b''
2025-09-26 17:07:06,735 INFO main - MCP RESP GET /health status=200
2025-09-26 17:07:36,864 INFO main - MCP CALL GET /health q={} body=b''
2025-09-26 17:07:36,865 INFO main - MCP RESP GET /health status=200
2025-09-26 17:08:06,998 INFO main - MCP CALL GET /health q={} body=b''
2025-09-26 17:08:06,999 INFO main - MCP RESP GET /health status=200
2025-09-26 17:08:37,115 INFO main - MCP CALL GET /health q={} body=b''
2025-09-26 17:08:37,116 INFO main - MCP RESP GET /health status=200
2025-09-26 17:09:07,235 INFO main - MCP CALL GET /health q={} body=b''
2025-09-26 17:09:07,236 INFO main - MCP RESP GET /health status=200
2025-09-26 17:09:37,357 INFO main - MCP CALL GET /health q={} body=b''
2025-09-26 17:09:37,358 INFO main - MCP RESP GET /health status=200
2025-09-26 17:10:07,492 INFO main - MCP CALL GET /health q={} body=b''
2025-09-26 17:10:07,493 INFO main - MCP RESP GET /health status=200
2025-09-26 17:10:37,621 INFO main - MCP CALL GET /health q={} body=b''
2025-09-26 17:10:37,622 INFO main - MCP RESP GET /health status=200
2025-09-26 17:11:07,749 INFO main - MCP CALL GET /health q={} body=b''
2025-09-26 17:11:07,750 INFO main - MCP RESP GET /health status=200
2025-09-26 17:11:37,868 INFO main - MCP CALL GET /health q={} body=b''
2025-09-26 17:11:37,869 INFO main - MCP RESP GET /health status=200
2025-09-26 17:12:08,000 INFO main - MCP CALL GET /health q={} body=b''
2025-09-26 17:12:08,001 INFO main - MCP RESP GET /health status=200
2025-09-26 17:12:38,130 INFO main - MCP CALL GET /health q={} body=b''
2025-09-26 17:12:38,135 INFO main - MCP RESP GET /health status=200
2025-09-26 17:13:08,280 INFO main - MCP CALL GET /health q={} body=b''
2025-09-26 17:13:08,287 INFO main - MCP RESP GET /health status=200
2025-09-26 17:13:38,428 INFO main - MCP CALL GET /health q={} body=b''
2025-09-26 17:13:38,428 INFO main - MCP RESP GET /health status=200
2025-09-26 17:14:08,567 INFO main - MCP CALL GET /health q={} body=b''
2025-09-26 17:14:08,575 INFO main - MCP RESP GET /health status=200
2025-09-26 17:14:38,719 INFO main - MCP CALL GET /health q={} body=b''
2025-09-26 17:14:38,720 INFO main - MCP RESP GET /health status=200
2025-09-26 17:15:08,870 INFO main - MCP CALL GET /health q={} body=b''
2025-09-26 17:15:08,871 INFO main - MCP RESP GET /health status=200
2025-09-26 17:15:38,992 INFO main - MCP CALL GET /health q={} body=b''
2025-09-26 17:15:38,992 INFO main - MCP RESP GET /health status=200
2025-09-26 17:16:09,114 INFO main - MCP CALL GET /health q={} body=b''
2025-09-26 17:16:09,115 INFO main - MCP RESP GET /health status=200
2025-09-26 17:16:39,237 INFO main - MCP CALL GET /health q={} body=b''
2025-09-26 17:16:39,237 INFO main - MCP RESP GET /health status=200
2025-09-26 17:17:09,349 INFO main - MCP CALL GET /health q={} body=b''
2025-09-26 17:17:09,349 INFO main - MCP RESP GET /health status=200
2025-09-26 17:17:39,463 INFO main - MCP CALL GET /health q={} body=b''
2025-09-26 17:17:39,464 INFO main - MCP RESP GET /health status=200
2025-09-26 17:18:09,591 INFO main - MCP CALL GET /health q={} body=b''
2025-09-26 17:18:09,592 INFO main - MCP RESP GET /health status=200
2025-09-26 17:18:39,711 INFO main - MCP CALL GET /health q={} body=b''
2025-09-26 17:18:39,712 INFO main - MCP RESP GET /health status=200
2025-09-26 17:19:09,840 INFO main - MCP CALL GET /health q={} body=b''
2025-09-26 17:19:09,841 INFO main - MCP RESP GET /health status=200
2025-09-26 17:19:39,995 INFO main - MCP CALL GET /health q={} body=b''
2025-09-26 17:19:39,996 INFO main - MCP RESP GET /health status=200
2025-09-26 17:20:10,118 INFO main - MCP CALL GET /health q={} body=b''
2025-09-26 17:20:10,119 INFO main - MCP RESP GET /health status=200
2025-09-26 17:20:40,251 INFO main - MCP CALL GET /health q={} body=b''
2025-09-26 17:20:40,251 INFO main - MCP RESP GET /health status=200
2025-09-26 17:21:10,376 INFO main - MCP CALL GET /health q={} body=b''
2025-09-26 17:21:10,376 INFO main - MCP RESP GET /health status=200
2025-09-26 17:21:40,504 INFO main - MCP CALL GET /health q={} body=b''
2025-09-26 17:21:40,505 INFO main - MCP RESP GET /health status=200
2025-09-26 17:22:10,631 INFO main - MCP CALL GET /health q={} body=b''
2025-09-26 17:22:10,632 INFO main - MCP RESP GET /health status=200
2025-09-26 17:22:40,751 INFO main - MCP CALL GET /health q={} body=b''
2025-09-26 17:22:40,752 INFO main - MCP RESP GET /health status=200
2025-09-26 17:23:10,898 INFO main - MCP CALL GET /health q={} body=b''
2025-09-26 17:23:10,899 INFO main - MCP RESP GET /health status=200
2025-09-26 17:23:41,019 INFO main - MCP CALL GET /health q={} body=b''
2025-09-26 17:23:41,020 INFO main - MCP RESP GET /health status=200
2025-09-26 17:24:11,129 INFO main - MCP CALL GET /health q={} body=b''
2025-09-26 17:24:11,130 INFO main - MCP RESP GET /health status=200
2025-09-26 17:24:41,258 INFO main - MCP CALL GET /health q={} body=b''
2025-09-26 17:24:41,259 INFO main - MCP RESP GET /health status=200
2025-09-26 17:25:11,406 INFO main - MCP CALL GET /health q={} body=b''
2025-09-26 17:25:11,407 INFO main - MCP RESP GET /health status=200
2025-09-26 17:25:41,557 INFO main - MCP CALL GET /health q={} body=b''
2025-09-26 17:25:41,558 INFO main - MCP RESP GET /health status=200
2025-09-26 17:26:11,691 INFO main - MCP CALL GET /health q={} body=b''
2025-09-26 17:26:11,692 INFO main - MCP RESP GET /health status=200
2025-09-26 17:26:41,805 INFO main - MCP CALL GET /health q={} body=b''
2025-09-26 17:26:41,806 INFO main - MCP RESP GET /health status=200
2025-09-26 17:27:11,919 INFO main - MCP CALL GET /health q={} body=b''
2025-09-26 17:27:11,920 INFO main - MCP RESP GET /health status=200
2025-09-26 17:27:42,029 INFO main - MCP CALL GET /health q={} body=b''
2025-09-26 17:27:42,030 INFO main - MCP RESP GET /health status=200
2025-09-26 17:28:12,149 INFO main - MCP CALL GET /health q={} body=b''
2025-09-26 17:28:12,150 INFO main - MCP RESP GET /health status=200
2025-09-26 17:28:42,268 INFO main - MCP CALL GET /health q={} body=b''
2025-09-26 17:28:42,268 INFO main - MCP RESP GET /health status=200
2025-09-26 17:29:12,403 INFO main - MCP CALL GET /health q={} body=b''
2025-09-26 17:29:12,404 INFO main - MCP RESP GET /health status=200
2025-09-26 17:29:42,544 INFO main - MCP CALL GET /health q={} body=b''
2025-09-26 17:29:42,544 INFO main - MCP RESP GET /health status=200
2025-09-26 17:30:12,674 INFO main - MCP CALL GET /health q={} body=b''
2025-09-26 17:30:12,675 INFO main - MCP RESP GET /health status=200
2025-09-26 17:30:42,801 INFO main - MCP CALL GET /health q={} body=b''
2025-09-26 17:30:42,802 INFO main - MCP RESP GET /health status=200
2025-09-26 17:31:12,932 INFO main - MCP CALL GET /health q={} body=b''
2025-09-26 17:31:12,933 INFO main - MCP RESP GET /health status=200
2025-09-26 17:31:43,035 INFO main - MCP CALL GET /health q={} body=b''
2025-09-26 17:31:43,036 INFO main - MCP RESP GET /health status=200
2025-09-26 17:32:13,143 INFO main - MCP CALL GET /health q={} body=b''
2025-09-26 17:32:13,144 INFO main - MCP RESP GET /health status=200
2025-09-26 17:32:43,264 INFO main - MCP CALL GET /health q={} body=b''
2025-09-26 17:32:43,265 INFO main - MCP RESP GET /health status=200
2025-09-26 17:33:13,386 INFO main - MCP CALL GET /health q={} body=b''
2025-09-26 17:33:13,387 INFO main - MCP RESP GET /health status=200
2025-09-26 17:33:43,543 INFO main - MCP CALL GET /health q={} body=b''
2025-09-26 17:33:43,544 INFO main - MCP RESP GET /health status=200
2025-09-26 17:34:13,682 INFO main - MCP CALL GET /health q={} body=b''
2025-09-26 17:34:13,683 INFO main - MCP RESP GET /health status=200
2025-09-26 17:34:43,799 INFO main - MCP CALL GET /health q={} body=b''
2025-09-26 17:34:43,800 INFO main - MCP RESP GET /health status=200
2025-09-26 17:35:13,932 INFO main - MCP CALL GET /health q={} body=b''
2025-09-26 17:35:13,933 INFO main - MCP RESP GET /health status=200
2025-09-26 17:35:44,056 INFO main - MCP CALL GET /health q={} body=b''
2025-09-26 17:35:44,057 INFO main - MCP RESP GET /health status=200
2025-09-26 17:36:14,185 INFO main - MCP CALL GET /health q={} body=b''
2025-09-26 17:36:14,185 INFO main - MCP RESP GET /health status=200
2025-09-26 17:36:44,331 INFO main - MCP CALL GET /health q={} body=b''
2025-09-26 17:36:44,331 INFO main - MCP RESP GET /health status=200
2025-09-26 17:37:14,478 INFO main - MCP CALL GET /health q={} body=b''
2025-09-26 17:37:14,479 INFO main - MCP RESP GET /health status=200
2025-09-26 17:37:44,623 INFO main - MCP CALL GET /health q={} body=b''
2025-09-26 17:37:44,624 INFO main - MCP RESP GET /health status=200
2025-09-26 17:38:14,740 INFO main - MCP CALL GET /health q={} body=b''
2025-09-26 17:38:14,740 INFO main - MCP RESP GET /health status=200
2025-09-26 17:38:44,866 INFO main - MCP CALL GET /health q={} body=b''
2025-09-26 17:38:44,866 INFO main - MCP RESP GET /health status=200
2025-09-26 17:39:14,987 INFO main - MCP CALL GET /health q={} body=b''
2025-09-26 17:39:14,988 INFO main - MCP RESP GET /health status=200
2025-09-26 17:39:45,108 INFO main - MCP CALL GET /health q={} body=b''
2025-09-26 17:39:45,111 INFO main - MCP RESP GET /health status=200
2025-09-26 17:40:15,235 INFO main - MCP CALL GET /health q={} body=b''
2025-09-26 17:40:15,236 INFO main - MCP RESP GET /health status=200
2025-09-26 17:40:45,370 INFO main - MCP CALL GET /health q={} body=b''
2025-09-26 17:40:45,371 INFO main - MCP RESP GET /health status=200
2025-09-26 17:41:15,511 INFO main - MCP CALL GET /health q={} body=b''
2025-09-26 17:41:15,512 INFO main - MCP RESP GET /health status=200
2025-09-26 17:41:45,627 INFO main - MCP CALL GET /health q={} body=b''
2025-09-26 17:41:45,628 INFO main - MCP RESP GET /health status=200
2025-09-26 17:42:15,772 INFO main - MCP CALL GET /health q={} body=b''
2025-09-26 17:42:15,773 INFO main - MCP RESP GET /health status=200
2025-09-26 17:42:45,915 INFO main - MCP CALL GET /health q={} body=b''
2025-09-26 17:42:45,916 INFO main - MCP RESP GET /health status=200
2025-09-26 17:43:16,034 INFO main - MCP CALL GET /health q={} body=b''
2025-09-26 17:43:16,035 INFO main - MCP RESP GET /health status=200
2025-09-26 17:43:46,158 INFO main - MCP CALL GET /health q={} body=b''
2025-09-26 17:43:46,159 INFO main - MCP RESP GET /health status=200
2025-09-26 17:44:16,279 INFO main - MCP CALL GET /health q={} body=b''
2025-09-26 17:44:16,280 INFO main - MCP RESP GET /health status=200
2025-09-26 17:44:46,406 INFO main - MCP CALL GET /health q={} body=b''
2025-09-26 17:44:46,407 INFO main - MCP RESP GET /health status=200
2025-09-26 17:45:16,524 INFO main - MCP CALL GET /health q={} body=b''
2025-09-26 17:45:16,525 INFO main - MCP RESP GET /health status=200
2025-09-26 17:45:46,659 INFO main - MCP CALL GET /health q={} body=b''
2025-09-26 17:45:46,660 INFO main - MCP RESP GET /health status=200
2025-09-26 17:46:16,802 INFO main - MCP CALL GET /health q={} body=b''
2025-09-26 17:46:16,803 INFO main - MCP RESP GET /health status=200
2025-09-26 17:46:46,940 INFO main - MCP CALL GET /health q={} body=b''
2025-09-26 17:46:46,941 INFO main - MCP RESP GET /health status=200
2025-09-26 17:47:17,078 INFO main - MCP CALL GET /health q={} body=b''
2025-09-26 17:47:17,079 INFO main - MCP RESP GET /health status=200
2025-09-26 17:47:47,226 INFO main - MCP CALL GET /health q={} body=b''
2025-09-26 17:47:47,227 INFO main - MCP RESP GET /health status=200
2025-09-26 17:48:17,376 INFO main - MCP CALL GET /health q={} body=b''
2025-09-26 17:48:17,377 INFO main - MCP RESP GET /health status=200
2025-09-26 17:48:47,516 INFO main - MCP CALL GET /health q={} body=b''
2025-09-26 17:48:47,517 INFO main - MCP RESP GET /health status=200
2025-09-26 17:49:17,671 INFO main - MCP CALL GET /health q={} body=b''
2025-09-26 17:49:17,672 INFO main - MCP RESP GET /health status=200
2025-09-26 17:49:47,793 INFO main - MCP CALL GET /health q={} body=b''
2025-09-26 17:49:47,794 INFO main - MCP RESP GET /health status=200
2025-09-26 17:50:17,903 INFO main - MCP CALL GET /health q={} body=b''
2025-09-26 17:50:17,904 INFO main - MCP RESP GET /health status=200
2025-09-26 17:50:48,039 INFO main - MCP CALL GET /health q={} body=b''
2025-09-26 17:50:48,039 INFO main - MCP RESP GET /health status=200
2025-09-26 17:51:18,167 INFO main - MCP CALL GET /health q={} body=b''
2025-09-26 17:51:18,168 INFO main - MCP RESP GET /health status=200
2025-09-26 17:51:48,265 INFO main - MCP CALL GET /health q={} body=b''
2025-09-26 17:51:48,266 INFO main - MCP RESP GET /health status=200
2025-09-26 17:52:18,387 INFO main - MCP CALL GET /health q={} body=b''
2025-09-26 17:52:18,387 INFO main - MCP RESP GET /health status=200
2025-09-26 17:52:48,495 INFO main - MCP CALL GET /health q={} body=b''
2025-09-26 17:52:48,496 INFO main - MCP RESP GET /health status=200
2025-09-26 17:53:18,626 INFO main - MCP CALL GET /health q={} body=b''
2025-09-26 17:53:18,627 INFO main - MCP RESP GET /health status=200
2025-09-26 17:53:48,759 INFO main - MCP CALL GET /health q={} body=b''
2025-09-26 17:53:48,760 INFO main - MCP RESP GET /health status=200
2025-09-26 17:54:18,875 INFO main - MCP CALL GET /health q={} body=b''
2025-09-26 17:54:18,876 INFO main - MCP RESP GET /health status=200
2025-09-26 17:54:48,980 INFO main - MCP CALL GET /health q={} body=b''
2025-09-26 17:54:48,981 INFO main - MCP RESP GET /health status=200
2025-09-26 17:55:19,127 INFO main - MCP CALL GET /health q={} body=b''
2025-09-26 17:55:19,128 INFO main - MCP RESP GET /health status=200
2025-09-26 17:55:49,263 INFO main - MCP CALL GET /health q={} body=b''
2025-09-26 17:55:49,264 INFO main - MCP RESP GET /health status=200
2025-09-26 17:56:19,379 INFO main - MCP CALL GET /health q={} body=b''
2025-09-26 17:56:19,380 INFO main - MCP RESP GET /health status=200
2025-09-26 17:56:49,471 INFO main - MCP CALL GET /health q={} body=b''
2025-09-26 17:56:49,471 INFO main - MCP RESP GET /health status=200
2025-09-26 17:57:19,605 INFO main - MCP CALL GET /health q={} body=b''
2025-09-26 17:57:19,605 INFO main - MCP RESP GET /health status=200
2025-09-26 17:57:49,712 INFO main - MCP CALL GET /health q={} body=b''
2025-09-26 17:57:49,713 INFO main - MCP RESP GET /health status=200
2025-09-26 17:58:19,827 INFO main - MCP CALL GET /health q={} body=b''
2025-09-26 17:58:19,828 INFO main - MCP RESP GET /health status=200
2025-09-26 17:58:49,949 INFO main - MCP CALL GET /health q={} body=b''
2025-09-26 17:58:49,951 INFO main - MCP RESP GET /health status=200
2025-09-26 17:59:20,092 INFO main - MCP CALL GET /health q={} body=b''
2025-09-26 17:59:20,093 INFO main - MCP RESP GET /health status=200
2025-09-26 17:59:50,204 INFO main - MCP CALL GET /health q={} body=b''
2025-09-26 17:59:50,205 INFO main - MCP RESP GET /health status=200
2025-09-26 18:00:20,339 INFO main - MCP CALL GET /health q={} body=b''
2025-09-26 18:00:20,340 INFO main - MCP RESP GET /health status=200
2025-09-26 18:00:50,452 INFO main - MCP CALL GET /health q={} body=b''
2025-09-26 18:00:50,453 INFO main - MCP RESP GET /health status=200
2025-09-26 18:01:20,580 INFO main - MCP CALL GET /health q={} body=b''
2025-09-26 18:01:20,583 INFO main - MCP RESP GET /health status=200
2025-09-26 18:01:50,712 INFO main - MCP CALL GET /health q={} body=b''
2025-09-26 18:01:50,713 INFO main - MCP RESP GET /health status=200
2025-09-26 18:02:20,840 INFO main - MCP CALL GET /health q={} body=b''
2025-09-26 18:02:20,841 INFO main - MCP RESP GET /health status=200
2025-09-26 18:02:50,976 INFO main - MCP CALL GET /health q={} body=b''
2025-09-26 18:02:50,976 INFO main - MCP RESP GET /health status=200
2025-09-26 18:03:21,103 INFO main - MCP CALL GET /health q={} body=b''
2025-09-26 18:03:21,104 INFO main - MCP RESP GET /health status=200
2025-09-26 18:03:51,246 INFO main - MCP CALL GET /health q={} body=b''
2025-09-26 18:03:51,246 INFO main - MCP RESP GET /health status=200
2025-09-26 18:04:21,402 INFO main - MCP CALL GET /health q={} body=b''
2025-09-26 18:04:21,403 INFO main - MCP RESP GET /health status=200
2025-09-26 18:04:51,522 INFO main - MCP CALL GET /health q={} body=b''
2025-09-26 18:04:51,522 INFO main - MCP RESP GET /health status=200
2025-09-26 18:05:21,655 INFO main - MCP CALL GET /health q={} body=b''
2025-09-26 18:05:21,656 INFO main - MCP RESP GET /health status=200
2025-09-26 18:05:51,767 INFO main - MCP CALL GET /health q={} body=b''
2025-09-26 18:05:51,768 INFO main - MCP RESP GET /health status=200
2025-09-26 18:06:21,904 INFO main - MCP CALL GET /health q={} body=b''
2025-09-26 18:06:21,905 INFO main - MCP RESP GET /health status=200
2025-09-26 18:06:52,015 INFO main - MCP CALL GET /health q={} body=b''
2025-09-26 18:06:52,016 INFO main - MCP RESP GET /health status=200
2025-09-26 18:07:22,200 INFO main - MCP CALL GET /health q={} body=b''
2025-09-26 18:07:22,203 INFO main - MCP RESP GET /health status=200
2025-09-26 18:07:52,320 INFO main - MCP CALL GET /health q={} body=b''
2025-09-26 18:07:52,321 INFO main - MCP RESP GET /health status=200
2025-09-26 18:08:22,457 INFO main - MCP CALL GET /health q={} body=b''
2025-09-26 18:08:22,459 INFO main - MCP RESP GET /health status=200
2025-09-26 18:08:52,604 INFO main - MCP CALL GET /health q={} body=b''
2025-09-26 18:08:52,605 INFO main - MCP RESP GET /health status=200
2025-09-26 18:09:22,751 INFO main - MCP CALL GET /health q={} body=b''
2025-09-26 18:09:22,752 INFO main - MCP RESP GET /health status=200
2025-09-26 18:09:52,873 INFO main - MCP CALL GET /health q={} body=b''
2025-09-26 18:09:52,873 INFO main - MCP RESP GET /health status=200
2025-09-26 18:10:23,019 INFO main - MCP CALL GET /health q={} body=b''
2025-09-26 18:10:23,019 INFO main - MCP RESP GET /health status=200
2025-09-26 18:10:53,150 INFO main - MCP CALL GET /health q={} body=b''
2025-09-26 18:10:53,151 INFO main - MCP RESP GET /health status=200
2025-09-26 18:11:23,283 INFO main - MCP CALL GET /health q={} body=b''
2025-09-26 18:11:23,284 INFO main - MCP RESP GET /health status=200
2025-09-26 18:11:53,412 INFO main - MCP CALL GET /health q={} body=b''
2025-09-26 18:11:53,413 INFO main - MCP RESP GET /health status=200
2025-09-26 18:12:23,548 INFO main - MCP CALL GET /health q={} body=b''
2025-09-26 18:12:23,549 INFO main - MCP RESP GET /health status=200
2025-09-26 18:12:53,703 INFO main - MCP CALL GET /health q={} body=b''
2025-09-26 18:12:53,704 INFO main - MCP RESP GET /health status=200
2025-09-26 18:13:23,816 INFO main - MCP CALL GET /health q={} body=b''
2025-09-26 18:13:23,822 INFO main - MCP RESP GET /health status=200
2025-09-26 18:13:53,930 INFO main - MCP CALL GET /health q={} body=b''
2025-09-26 18:13:53,930 INFO main - MCP RESP GET /health status=200
2025-09-26 18:14:24,076 INFO main - MCP CALL GET /health q={} body=b''
2025-09-26 18:14:24,077 INFO main - MCP RESP GET /health status=200
2025-09-26 18:14:54,203 INFO main - MCP CALL GET /health q={} body=b''
2025-09-26 18:14:54,204 INFO main - MCP RESP GET /health status=200
2025-09-26 18:15:24,320 INFO main - MCP CALL GET /health q={} body=b''
2025-09-26 18:15:24,321 INFO main - MCP RESP GET /health status=200
2025-09-26 18:15:54,455 INFO main - MCP CALL GET /health q={} body=b''
2025-09-26 18:15:54,456 INFO main - MCP RESP GET /health status=200
2025-09-26 18:16:24,591 INFO main - MCP CALL GET /health q={} body=b''
2025-09-26 18:16:24,592 INFO main - MCP RESP GET /health status=200
2025-09-26 18:16:54,743 INFO main - MCP CALL GET /health q={} body=b''
2025-09-26 18:16:54,747 INFO main - MCP RESP GET /health status=200
2025-09-26 18:17:24,875 INFO main - MCP CALL GET /health q={} body=b''
2025-09-26 18:17:24,876 INFO main - MCP RESP GET /health status=200
2025-09-26 18:17:55,008 INFO main - MCP CALL GET /health q={} body=b''
2025-09-26 18:17:55,008 INFO main - MCP RESP GET /health status=200
2025-09-26 18:18:25,138 INFO main - MCP CALL GET /health q={} body=b''
2025-09-26 18:18:25,139 INFO main - MCP RESP GET /health status=200
2025-09-26 18:18:55,247 INFO main - MCP CALL GET /health q={} body=b''
2025-09-26 18:18:55,248 INFO main - MCP RESP GET /health status=200
2025-09-26 18:19:25,365 INFO main - MCP CALL GET /health q={} body=b''
2025-09-26 18:19:25,365 INFO main - MCP RESP GET /health status=200
2025-09-26 18:19:55,493 INFO main - MCP CALL GET /health q={} body=b''
2025-09-26 18:19:55,494 INFO main - MCP RESP GET /health status=200
2025-09-26 18:20:25,623 INFO main - MCP CALL GET /health q={} body=b''
2025-09-26 18:20:25,624 INFO main - MCP RESP GET /health status=200
2025-09-26 18:20:55,759 INFO main - MCP CALL GET /health q={} body=b''
2025-09-26 18:20:55,760 INFO main - MCP RESP GET /health status=200
2025-09-26 18:21:25,887 INFO main - MCP CALL GET /health q={} body=b''
2025-09-26 18:21:25,888 INFO main - MCP RESP GET /health status=200
2025-09-26 18:21:56,007 INFO main - MCP CALL GET /health q={} body=b''
2025-09-26 18:21:56,008 INFO main - MCP RESP GET /health status=200
2025-09-26 18:22:26,142 INFO main - MCP CALL GET /health q={} body=b''
2025-09-26 18:22:26,143 INFO main - MCP RESP GET /health status=200
2025-09-26 18:22:56,282 INFO main - MCP CALL GET /health q={} body=b''
2025-09-26 18:22:56,283 INFO main - MCP RESP GET /health status=200
2025-09-26 18:23:26,403 INFO main - MCP CALL GET /health q={} body=b''
2025-09-26 18:23:26,404 INFO main - MCP RESP GET /health status=200
2025-09-26 18:23:56,548 INFO main - MCP CALL GET /health q={} body=b''
2025-09-26 18:23:56,548 INFO main - MCP RESP GET /health status=200
2025-09-26 18:24:26,680 INFO main - MCP CALL GET /health q={} body=b''
2025-09-26 18:24:26,681 INFO main - MCP RESP GET /health status=200
2025-09-26 18:24:56,831 INFO main - MCP CALL GET /health q={} body=b''
2025-09-26 18:24:56,832 INFO main - MCP RESP GET /health status=200
2025-09-26 18:25:26,943 INFO main - MCP CALL GET /health q={} body=b''
2025-09-26 18:25:26,944 INFO main - MCP RESP GET /health status=200
2025-09-26 18:25:57,053 INFO main - MCP CALL GET /health q={} body=b''
2025-09-26 18:25:57,054 INFO main - MCP RESP GET /health status=200
2025-09-26 18:26:27,174 INFO main - MCP CALL GET /health q={} body=b''
2025-09-26 18:26:27,175 INFO main - MCP RESP GET /health status=200
2025-09-26 18:26:57,293 INFO main - MCP CALL GET /health q={} body=b''
2025-09-26 18:26:57,293 INFO main - MCP RESP GET /health status=200
2025-09-26 18:27:27,425 INFO main - MCP CALL GET /health q={} body=b''
2025-09-26 18:27:27,426 INFO main - MCP RESP GET /health status=200
2025-09-26 18:27:57,549 INFO main - MCP CALL GET /health q={} body=b''
2025-09-26 18:27:57,550 INFO main - MCP RESP GET /health status=200
2025-09-26 18:28:27,678 INFO main - MCP CALL GET /health q={} body=b''
2025-09-26 18:28:27,679 INFO main - MCP RESP GET /health status=200
2025-09-26 18:28:57,824 INFO main - MCP CALL GET /health q={} body=b''
2025-09-26 18:28:57,825 INFO main - MCP RESP GET /health status=200
2025-09-26 18:29:27,971 INFO main - MCP CALL GET /health q={} body=b''
2025-09-26 18:29:27,971 INFO main - MCP RESP GET /health status=200
2025-09-26 18:29:58,114 INFO main - MCP CALL GET /health q={} body=b''
2025-09-26 18:29:58,114 INFO main - MCP RESP GET /health status=200
2025-09-26 18:30:28,240 INFO main - MCP CALL GET /health q={} body=b''
2025-09-26 18:30:28,241 INFO main - MCP RESP GET /health status=200
2025-09-26 18:30:58,358 INFO main - MCP CALL GET /health q={} body=b''
2025-09-26 18:30:58,359 INFO main - MCP RESP GET /health status=200
2025-09-26 18:31:28,479 INFO main - MCP CALL GET /health q={} body=b''
2025-09-26 18:31:28,480 INFO main - MCP RESP GET /health status=200
2025-09-26 18:31:58,607 INFO main - MCP CALL GET /health q={} body=b''
2025-09-26 18:31:58,608 INFO main - MCP RESP GET /health status=200
2025-09-26 18:32:28,735 INFO main - MCP CALL GET /health q={} body=b''
2025-09-26 18:32:28,736 INFO main - MCP RESP GET /health status=200
2025-09-26 18:32:58,853 INFO main - MCP CALL GET /health q={} body=b''
2025-09-26 18:32:58,854 INFO main - MCP RESP GET /health status=200
2025-09-26 18:33:28,984 INFO main - MCP CALL GET /health q={} body=b''
2025-09-26 18:33:28,984 INFO main - MCP RESP GET /health status=200
2025-09-26 18:33:59,111 INFO main - MCP CALL GET /health q={} body=b''
2025-09-26 18:33:59,112 INFO main - MCP RESP GET /health status=200
2025-09-26 18:34:29,223 INFO main - MCP CALL GET /health q={} body=b''
2025-09-26 18:34:29,224 INFO main - MCP RESP GET /health status=200
2025-09-26 18:34:59,331 INFO main - MCP CALL GET /health q={} body=b''
2025-09-26 18:34:59,331 INFO main - MCP RESP GET /health status=200
2025-09-26 18:35:29,436 INFO main - MCP CALL GET /health q={} body=b''
2025-09-26 18:35:29,437 INFO main - MCP RESP GET /health status=200
2025-09-26 18:35:59,554 INFO main - MCP CALL GET /health q={} body=b''
2025-09-26 18:35:59,555 INFO main - MCP RESP GET /health status=200
2025-09-26 18:36:29,661 INFO main - MCP CALL GET /health q={} body=b''
2025-09-26 18:36:29,662 INFO main - MCP RESP GET /health status=200
2025-09-26 18:36:59,783 INFO main - MCP CALL GET /health q={} body=b''
2025-09-26 18:36:59,783 INFO main - MCP RESP GET /health status=200
2025-09-26 18:37:29,902 INFO main - MCP CALL GET /health q={} body=b''
2025-09-26 18:37:29,902 INFO main - MCP RESP GET /health status=200
2025-09-26 18:38:00,006 INFO main - MCP CALL GET /health q={} body=b''
2025-09-26 18:38:00,007 INFO main - MCP RESP GET /health status=200
2025-09-26 18:38:30,139 INFO main - MCP CALL GET /health q={} body=b''
2025-09-26 18:38:30,140 INFO main - MCP RESP GET /health status=200
2025-09-26 18:39:00,270 INFO main - MCP CALL GET /health q={} body=b''
2025-09-26 18:39:00,271 INFO main - MCP RESP GET /health status=200
2025-09-26 18:39:30,391 INFO main - MCP CALL GET /health q={} body=b''
2025-09-26 18:39:30,392 INFO main - MCP RESP GET /health status=200
2025-09-26 18:40:00,535 INFO main - MCP CALL GET /health q={} body=b''
2025-09-26 18:40:00,536 INFO main - MCP RESP GET /health status=200
2025-09-26 18:40:30,663 INFO main - MCP CALL GET /health q={} body=b''
2025-09-26 18:40:30,664 INFO main - MCP RESP GET /health status=200
2025-09-26 18:41:00,793 INFO main - MCP CALL GET /health q={} body=b''
2025-09-26 18:41:00,794 INFO main - MCP RESP GET /health status=200
2025-09-26 18:41:30,920 INFO main - MCP CALL GET /health q={} body=b''
2025-09-26 18:41:30,920 INFO main - MCP RESP GET /health status=200
2025-09-26 18:42:01,044 INFO main - MCP CALL GET /health q={} body=b''
2025-09-26 18:42:01,045 INFO main - MCP RESP GET /health status=200
2025-09-26 18:42:31,164 INFO main - MCP CALL GET /health q={} body=b''
2025-09-26 18:42:31,165 INFO main - MCP RESP GET /health status=200
2025-09-26 18:43:01,298 INFO main - MCP CALL GET /health q={} body=b''
2025-09-26 18:43:01,299 INFO main - MCP RESP GET /health status=200
2025-09-26 18:43:31,402 INFO main - MCP CALL GET /health q={} body=b''
2025-09-26 18:43:31,403 INFO main - MCP RESP GET /health status=200
2025-09-26 18:44:01,550 INFO main - MCP CALL GET /health q={} body=b''
2025-09-26 18:44:01,551 INFO main - MCP RESP GET /health status=200
2025-09-26 18:44:31,671 INFO main - MCP CALL GET /health q={} body=b''
2025-09-26 18:44:31,671 INFO main - MCP RESP GET /health status=200
2025-09-26 18:45:01,783 INFO main - MCP CALL GET /health q={} body=b''
2025-09-26 18:45:01,784 INFO main - MCP RESP GET /health status=200
2025-09-26 18:45:31,895 INFO main - MCP CALL GET /health q={} body=b''
2025-09-26 18:45:31,896 INFO main - MCP RESP GET /health status=200
2025-09-26 18:46:02,050 INFO main - MCP CALL GET /health q={} body=b''
2025-09-26 18:46:02,051 INFO main - MCP RESP GET /health status=200
2025-09-26 18:46:32,202 INFO main - MCP CALL GET /health q={} body=b''
2025-09-26 18:46:32,203 INFO main - MCP RESP GET /health status=200
2025-09-26 18:47:02,331 INFO main - MCP CALL GET /health q={} body=b''
2025-09-26 18:47:02,331 INFO main - MCP RESP GET /health status=200
2025-09-26 18:47:32,464 INFO main - MCP CALL GET /health q={} body=b''
2025-09-26 18:47:32,465 INFO main - MCP RESP GET /health status=200
2025-09-26 18:48:02,586 INFO main - MCP CALL GET /health q={} body=b''
2025-09-26 18:48:02,587 INFO main - MCP RESP GET /health status=200
2025-09-26 18:48:32,701 INFO main - MCP CALL GET /health q={} body=b''
2025-09-26 18:48:32,701 INFO main - MCP RESP GET /health status=200
2025-09-26 18:49:02,841 INFO main - MCP CALL GET /health q={} body=b''
2025-09-26 18:49:02,842 INFO main - MCP RESP GET /health status=200
2025-09-26 18:49:32,978 INFO main - MCP CALL GET /health q={} body=b''
2025-09-26 18:49:32,979 INFO main - MCP RESP GET /health status=200
2025-09-26 18:50:03,113 INFO main - MCP CALL GET /health q={} body=b''
2025-09-26 18:50:03,113 INFO main - MCP RESP GET /health status=200
2025-09-26 18:50:33,244 INFO main - MCP CALL GET /health q={} body=b''
2025-09-26 18:50:33,244 INFO main - MCP RESP GET /health status=200
2025-09-26 18:51:03,384 INFO main - MCP CALL GET /health q={} body=b''
2025-09-26 18:51:03,384 INFO main - MCP RESP GET /health status=200
2025-09-26 18:51:33,509 INFO main - MCP CALL GET /health q={} body=b''
2025-09-26 18:51:33,509 INFO main - MCP RESP GET /health status=200
2025-09-26 18:52:03,644 INFO main - MCP CALL GET /health q={} body=b''
2025-09-26 18:52:03,644 INFO main - MCP RESP GET /health status=200
2025-09-26 18:52:33,793 INFO main - MCP CALL GET /health q={} body=b''
2025-09-26 18:52:33,794 INFO main - MCP RESP GET /health status=200
2025-09-26 18:53:03,939 INFO main - MCP CALL GET /health q={} body=b''
2025-09-26 18:53:03,940 INFO main - MCP RESP GET /health status=200
2025-09-26 18:53:34,077 INFO main - MCP CALL GET /health q={} body=b''
2025-09-26 18:53:34,082 INFO main - MCP RESP GET /health status=200
2025-09-26 18:54:04,223 INFO main - MCP CALL GET /health q={} body=b''
2025-09-26 18:54:04,224 INFO main - MCP RESP GET /health status=200
2025-09-26 18:54:34,356 INFO main - MCP CALL GET /health q={} body=b''
2025-09-26 18:54:34,357 INFO main - MCP RESP GET /health status=200
2025-09-26 18:55:04,478 INFO main - MCP CALL GET /health q={} body=b''
2025-09-26 18:55:04,479 INFO main - MCP RESP GET /health status=200
2025-09-26 18:55:34,581 INFO main - MCP CALL GET /health q={} body=b''
2025-09-26 18:55:34,582 INFO main - MCP RESP GET /health status=200
2025-09-26 18:56:04,721 INFO main - MCP CALL GET /health q={} body=b''
2025-09-26 18:56:04,722 INFO main - MCP RESP GET /health status=200
2025-09-26 18:56:34,859 INFO main - MCP CALL GET /health q={} body=b''
2025-09-26 18:56:34,860 INFO main - MCP RESP GET /health status=200
2025-09-26 18:57:04,973 INFO main - MCP CALL GET /health q={} body=b''
2025-09-26 18:57:04,974 INFO main - MCP RESP GET /health status=200
2025-09-26 18:57:35,121 INFO main - MCP CALL GET /health q={} body=b''
2025-09-26 18:57:35,122 INFO main - MCP RESP GET /health status=200
2025-09-26 18:58:05,255 INFO main - MCP CALL GET /health q={} body=b''
2025-09-26 18:58:05,256 INFO main - MCP RESP GET /health status=200
2025-09-26 18:58:35,371 INFO main - MCP CALL GET /health q={} body=b''
2025-09-26 18:58:35,372 INFO main - MCP RESP GET /health status=200
2025-09-26 18:59:05,485 INFO main - MCP CALL GET /health q={} body=b''
2025-09-26 18:59:05,486 INFO main - MCP RESP GET /health status=200
2025-09-26 18:59:35,594 INFO main - MCP CALL GET /health q={} body=b''
2025-09-26 18:59:35,595 INFO main - MCP RESP GET /health status=200
2025-09-26 19:00:05,712 INFO main - MCP CALL GET /health q={} body=b''
2025-09-26 19:00:05,713 INFO main - MCP RESP GET /health status=200
2025-09-26 19:00:35,836 INFO main - MCP CALL GET /health q={} body=b''
2025-09-26 19:00:35,837 INFO main - MCP RESP GET /health status=200
2025-09-26 19:01:05,959 INFO main - MCP CALL GET /health q={} body=b''
2025-09-26 19:01:05,960 INFO main - MCP RESP GET /health status=200
2025-09-26 19:01:36,071 INFO main - MCP CALL GET /health q={} body=b''
2025-09-26 19:01:36,072 INFO main - MCP RESP GET /health status=200
2025-09-26 19:02:06,200 INFO main - MCP CALL GET /health q={} body=b''
2025-09-26 19:02:06,201 INFO main - MCP RESP GET /health status=200
2025-09-26 19:02:36,334 INFO main - MCP CALL GET /health q={} body=b''
2025-09-26 19:02:36,335 INFO main - MCP RESP GET /health status=200
2025-09-26 19:03:06,474 INFO main - MCP CALL GET /health q={} body=b''
2025-09-26 19:03:06,475 INFO main - MCP RESP GET /health status=200
2025-09-26 19:03:36,612 INFO main - MCP CALL GET /health q={} body=b''
2025-09-26 19:03:36,613 INFO main - MCP RESP GET /health status=200
2025-09-26 19:04:06,727 INFO main - MCP CALL GET /health q={} body=b''
2025-09-26 19:04:06,728 INFO main - MCP RESP GET /health status=200
2025-09-26 19:04:36,849 INFO main - MCP CALL GET /health q={} body=b''
2025-09-26 19:04:36,850 INFO main - MCP RESP GET /health status=200
2025-09-26 19:05:06,976 INFO main - MCP CALL GET /health q={} body=b''
2025-09-26 19:05:06,977 INFO main - MCP RESP GET /health status=200
2025-09-26 19:05:37,123 INFO main - MCP CALL GET /health q={} body=b''
2025-09-26 19:05:37,124 INFO main - MCP RESP GET /health status=200
2025-09-26 19:06:07,222 INFO main - MCP CALL GET /health q={} body=b''
2025-09-26 19:06:07,223 INFO main - MCP RESP GET /health status=200
2025-09-26 19:06:37,351 INFO main - MCP CALL GET /health q={} body=b''
2025-09-26 19:06:37,352 INFO main - MCP RESP GET /health status=200
2025-09-26 19:07:07,469 INFO main - MCP CALL GET /health q={} body=b''
2025-09-26 19:07:07,469 INFO main - MCP RESP GET /health status=200
2025-09-26 19:07:37,615 INFO main - MCP CALL GET /health q={} body=b''
2025-09-26 19:07:37,616 INFO main - MCP RESP GET /health status=200
2025-09-26 19:08:07,742 INFO main - MCP CALL GET /health q={} body=b''
2025-09-26 19:08:07,743 INFO main - MCP RESP GET /health status=200
2025-09-26 19:08:37,879 INFO main - MCP CALL GET /health q={} body=b''
2025-09-26 19:08:37,880 INFO main - MCP RESP GET /health status=200
2025-09-26 19:09:08,010 INFO main - MCP CALL GET /health q={} body=b''
2025-09-26 19:09:08,011 INFO main - MCP RESP GET /health status=200
2025-09-26 19:09:38,143 INFO main - MCP CALL GET /health q={} body=b''
2025-09-26 19:09:38,144 INFO main - MCP RESP GET /health status=200
2025-09-26 19:10:08,284 INFO main - MCP CALL GET /health q={} body=b''
2025-09-26 19:10:08,285 INFO main - MCP RESP GET /health status=200
2025-09-26 19:10:38,424 INFO main - MCP CALL GET /health q={} body=b''
2025-09-26 19:10:38,425 INFO main - MCP RESP GET /health status=200
2025-09-26 19:11:08,556 INFO main - MCP CALL GET /health q={} body=b''
2025-09-26 19:11:08,556 INFO main - MCP RESP GET /health status=200
2025-09-26 19:11:38,660 INFO main - MCP CALL GET /health q={} body=b''
2025-09-26 19:11:38,661 INFO main - MCP RESP GET /health status=200
2025-09-26 19:12:08,796 INFO main - MCP CALL GET /health q={} body=b''
2025-09-26 19:12:08,797 INFO main - MCP RESP GET /health status=200
2025-09-26 19:12:38,926 INFO main - MCP CALL GET /health q={} body=b''
2025-09-26 19:12:38,927 INFO main - MCP RESP GET /health status=200
2025-09-26 19:13:09,081 INFO main - MCP CALL GET /health q={} body=b''
2025-09-26 19:13:09,087 INFO main - MCP RESP GET /health status=200
2025-09-26 19:13:39,223 INFO main - MCP CALL GET /health q={} body=b''
2025-09-26 19:13:39,224 INFO main - MCP RESP GET /health status=200
2025-09-26 19:14:09,354 INFO main - MCP CALL GET /health q={} body=b''
2025-09-26 19:14:09,355 INFO main - MCP RESP GET /health status=200
2025-09-26 19:14:39,486 INFO main - MCP CALL GET /health q={} body=b''
2025-09-26 19:14:39,487 INFO main - MCP RESP GET /health status=200
2025-09-26 19:15:09,623 INFO main - MCP CALL GET /health q={} body=b''
2025-09-26 19:15:09,624 INFO main - MCP RESP GET /health status=200
2025-09-26 19:15:39,763 INFO main - MCP CALL GET /health q={} body=b''
2025-09-26 19:15:39,764 INFO main - MCP RESP GET /health status=200
2025-09-26 19:16:09,873 INFO main - MCP CALL GET /health q={} body=b''
2025-09-26 19:16:09,874 INFO main - MCP RESP GET /health status=200
2025-09-26 19:16:39,994 INFO main - MCP CALL GET /health q={} body=b''
2025-09-26 19:16:39,995 INFO main - MCP RESP GET /health status=200
2025-09-26 19:17:10,124 INFO main - MCP CALL GET /health q={} body=b''
2025-09-26 19:17:10,130 INFO main - MCP RESP GET /health status=200
2025-09-26 19:17:40,245 INFO main - MCP CALL GET /health q={} body=b''
2025-09-26 19:17:40,246 INFO main - MCP RESP GET /health status=200
2025-09-26 19:18:10,371 INFO main - MCP CALL GET /health q={} body=b''
2025-09-26 19:18:10,372 INFO main - MCP RESP GET /health status=200
2025-09-26 19:18:40,482 INFO main - MCP CALL GET /health q={} body=b''
2025-09-26 19:18:40,483 INFO main - MCP RESP GET /health status=200
2025-09-26 19:19:10,605 INFO main - MCP CALL GET /health q={} body=b''
2025-09-26 19:19:10,606 INFO main - MCP RESP GET /health status=200
2025-09-26 19:19:40,732 INFO main - MCP CALL GET /health q={} body=b''
2025-09-26 19:19:40,733 INFO main - MCP RESP GET /health status=200
2025-09-26 19:20:10,871 INFO main - MCP CALL GET /health q={} body=b''
2025-09-26 19:20:10,872 INFO main - MCP RESP GET /health status=200
2025-09-26 19:20:41,004 INFO main - MCP CALL GET /health q={} body=b''
2025-09-26 19:20:41,005 INFO main - MCP RESP GET /health status=200
2025-09-26 19:21:11,146 INFO main - MCP CALL GET /health q={} body=b''
2025-09-26 19:21:11,147 INFO main - MCP RESP GET /health status=200
2025-09-26 19:21:41,270 INFO main - MCP CALL GET /health q={} body=b''
2025-09-26 19:21:41,271 INFO main - MCP RESP GET /health status=200
2025-09-26 19:22:11,391 INFO main - MCP CALL GET /health q={} body=b''
2025-09-26 19:22:11,392 INFO main - MCP RESP GET /health status=200
2025-09-26 19:22:41,508 INFO main - MCP CALL GET /health q={} body=b''
2025-09-26 19:22:41,510 INFO main - MCP RESP GET /health status=200
2025-09-26 19:23:11,659 INFO main - MCP CALL GET /health q={} body=b''
2025-09-26 19:23:11,659 INFO main - MCP RESP GET /health status=200
2025-09-26 19:23:41,768 INFO main - MCP CALL GET /health q={} body=b''
2025-09-26 19:23:41,769 INFO main - MCP RESP GET /health status=200
2025-09-26 19:24:11,905 INFO main - MCP CALL GET /health q={} body=b''
2025-09-26 19:24:11,906 INFO main - MCP RESP GET /health status=200
2025-09-26 19:24:42,042 INFO main - MCP CALL GET /health q={} body=b''
2025-09-26 19:24:42,043 INFO main - MCP RESP GET /health status=200
2025-09-26 19:25:12,188 INFO main - MCP CALL GET /health q={} body=b''
2025-09-26 19:25:12,188 INFO main - MCP RESP GET /health status=200
2025-09-26 19:25:42,292 INFO main - MCP CALL GET /health q={} body=b''
2025-09-26 19:25:42,293 INFO main - MCP RESP GET /health status=200
2025-09-26 19:26:12,419 INFO main - MCP CALL GET /health q={} body=b''
2025-09-26 19:26:12,420 INFO main - MCP RESP GET /health status=200
2025-09-26 19:26:42,564 INFO main - MCP CALL GET /health q={} body=b''
2025-09-26 19:26:42,565 INFO main - MCP RESP GET /health status=200
2025-09-26 19:27:12,723 INFO main - MCP CALL GET /health q={} body=b''
2025-09-26 19:27:12,724 INFO main - MCP RESP GET /health status=200
2025-09-26 19:27:42,871 INFO main - MCP CALL GET /health q={} body=b''
2025-09-26 19:27:42,872 INFO main - MCP RESP GET /health status=200
2025-09-26 19:28:13,004 INFO main - MCP CALL GET /health q={} body=b''
2025-09-26 19:28:13,005 INFO main - MCP RESP GET /health status=200
2025-09-26 19:28:43,137 INFO main - MCP CALL GET /health q={} body=b''
2025-09-26 19:28:43,137 INFO main - MCP RESP GET /health status=200
2025-09-26 19:29:13,282 INFO main - MCP CALL GET /health q={} body=b''
2025-09-26 19:29:13,283 INFO main - MCP RESP GET /health status=200
2025-09-26 19:29:43,412 INFO main - MCP CALL GET /health q={} body=b''
2025-09-26 19:29:43,413 INFO main - MCP RESP GET /health status=200
2025-09-26 19:30:13,544 INFO main - MCP CALL GET /health q={} body=b''
2025-09-26 19:30:13,545 INFO main - MCP RESP GET /health status=200
2025-09-26 19:30:43,676 INFO main - MCP CALL GET /health q={} body=b''
2025-09-26 19:30:43,679 INFO main - MCP RESP GET /health status=200
2025-09-26 19:31:13,815 INFO main - MCP CALL GET /health q={} body=b''
2025-09-26 19:31:13,816 INFO main - MCP RESP GET /health status=200
2025-09-26 19:31:43,932 INFO main - MCP CALL GET /health q={} body=b''
2025-09-26 19:31:43,933 INFO main - MCP RESP GET /health status=200
2025-09-26 19:32:14,080 INFO main - MCP CALL GET /health q={} body=b''
2025-09-26 19:32:14,081 INFO main - MCP RESP GET /health status=200
2025-09-26 19:32:44,191 INFO main - MCP CALL GET /health q={} body=b''
2025-09-26 19:32:44,191 INFO main - MCP RESP GET /health status=200
2025-09-26 19:33:14,299 INFO main - MCP CALL GET /health q={} body=b''
2025-09-26 19:33:14,300 INFO main - MCP RESP GET /health status=200
2025-09-26 19:33:44,425 INFO main - MCP CALL GET /health q={} body=b''
2025-09-26 19:33:44,426 INFO main - MCP RESP GET /health status=200
2025-09-26 19:34:14,560 INFO main - MCP CALL GET /health q={} body=b''
2025-09-26 19:34:14,561 INFO main - MCP RESP GET /health status=200
2025-09-26 19:34:44,678 INFO main - MCP CALL GET /health q={} body=b''
2025-09-26 19:34:44,679 INFO main - MCP RESP GET /health status=200
2025-09-26 19:35:14,802 INFO main - MCP CALL GET /health q={} body=b''
2025-09-26 19:35:14,803 INFO main - MCP RESP GET /health status=200
2025-09-26 19:35:44,926 INFO main - MCP CALL GET /health q={} body=b''
2025-09-26 19:35:44,927 INFO main - MCP RESP GET /health status=200
2025-09-26 19:36:15,054 INFO main - MCP CALL GET /health q={} body=b''
2025-09-26 19:36:15,055 INFO main - MCP RESP GET /health status=200
2025-09-26 19:36:45,187 INFO main - MCP CALL GET /health q={} body=b''
2025-09-26 19:36:45,188 INFO main - MCP RESP GET /health status=200
2025-09-26 19:37:15,297 INFO main - MCP CALL GET /health q={} body=b''
2025-09-26 19:37:15,298 INFO main - MCP RESP GET /health status=200
2025-09-26 19:37:45,444 INFO main - MCP CALL GET /health q={} body=b''
2025-09-26 19:37:45,444 INFO main - MCP RESP GET /health status=200
2025-09-26 19:38:15,563 INFO main - MCP CALL GET /health q={} body=b''
2025-09-26 19:38:15,564 INFO main - MCP RESP GET /health status=200
2025-09-26 19:38:45,705 INFO main - MCP CALL GET /health q={} body=b''
2025-09-26 19:38:45,706 INFO main - MCP RESP GET /health status=200
2025-09-26 19:39:15,852 INFO main - MCP CALL GET /health q={} body=b''
2025-09-26 19:39:15,853 INFO main - MCP RESP GET /health status=200
2025-09-26 19:39:45,987 INFO main - MCP CALL GET /health q={} body=b''
2025-09-26 19:39:45,988 INFO main - MCP RESP GET /health status=200
2025-09-26 19:40:16,110 INFO main - MCP CALL GET /health q={} body=b''
2025-09-26 19:40:16,111 INFO main - MCP RESP GET /health status=200
2025-09-26 19:40:46,235 INFO main - MCP CALL GET /health q={} body=b''
2025-09-26 19:40:46,236 INFO main - MCP RESP GET /health status=200
2025-09-26 19:41:16,380 INFO main - MCP CALL GET /health q={} body=b''
2025-09-26 19:41:16,381 INFO main - MCP RESP GET /health status=200
2025-09-26 19:41:46,483 INFO main - MCP CALL GET /health q={} body=b''
2025-09-26 19:41:46,487 INFO main - MCP RESP GET /health status=200
2025-09-26 19:42:16,600 INFO main - MCP CALL GET /health q={} body=b''
2025-09-26 19:42:16,601 INFO main - MCP RESP GET /health status=200
2025-09-26 19:42:46,731 INFO main - MCP CALL GET /health q={} body=b''
2025-09-26 19:42:46,732 INFO main - MCP RESP GET /health status=200
2025-09-26 19:43:16,863 INFO main - MCP CALL GET /health q={} body=b''
2025-09-26 19:43:16,864 INFO main - MCP RESP GET /health status=200
2025-09-26 19:43:46,979 INFO main - MCP CALL GET /health q={} body=b''
2025-09-26 19:43:46,980 INFO main - MCP RESP GET /health status=200
2025-09-26 19:44:17,094 INFO main - MCP CALL GET /health q={} body=b''
2025-09-26 19:44:17,095 INFO main - MCP RESP GET /health status=200
2025-09-26 19:44:47,231 INFO main - MCP CALL GET /health q={} body=b''
2025-09-26 19:44:47,232 INFO main - MCP RESP GET /health status=200
2025-09-26 19:45:17,368 INFO main - MCP CALL GET /health q={} body=b''
2025-09-26 19:45:17,369 INFO main - MCP RESP GET /health status=200
2025-09-26 19:45:47,503 INFO main - MCP CALL GET /health q={} body=b''
2025-09-26 19:45:47,504 INFO main - MCP RESP GET /health status=200
2025-09-26 19:46:17,631 INFO main - MCP CALL GET /health q={} body=b''
2025-09-26 19:46:17,632 INFO main - MCP RESP GET /health status=200
2025-09-26 19:46:47,739 INFO main - MCP CALL GET /health q={} body=b''
2025-09-26 19:46:47,740 INFO main - MCP RESP GET /health status=200
2025-09-26 19:47:17,867 INFO main - MCP CALL GET /health q={} body=b''
2025-09-26 19:47:17,868 INFO main - MCP RESP GET /health status=200
2025-09-26 19:47:48,012 INFO main - MCP CALL GET /health q={} body=b''
2025-09-26 19:47:48,013 INFO main - MCP RESP GET /health status=200
2025-09-26 19:48:18,143 INFO main - MCP CALL GET /health q={} body=b''
2025-09-26 19:48:18,145 INFO main - MCP RESP GET /health status=200
2025-09-26 19:48:48,271 INFO main - MCP CALL GET /health q={} body=b''
2025-09-26 19:48:48,272 INFO main - MCP RESP GET /health status=200
2025-09-26 19:49:18,407 INFO main - MCP CALL GET /health q={} body=b''
2025-09-26 19:49:18,408 INFO main - MCP RESP GET /health status=200
2025-09-26 19:49:48,550 INFO main - MCP CALL GET /health q={} body=b''
2025-09-26 19:49:48,551 INFO main - MCP RESP GET /health status=200
2025-09-26 19:50:18,680 INFO main - MCP CALL GET /health q={} body=b''
2025-09-26 19:50:18,680 INFO main - MCP RESP GET /health status=200
2025-09-26 19:50:48,833 INFO main - MCP CALL GET /health q={} body=b''
2025-09-26 19:50:48,834 INFO main - MCP RESP GET /health status=200
2025-09-26 19:51:18,963 INFO main - MCP CALL GET /health q={} body=b''
2025-09-26 19:51:18,964 INFO main - MCP RESP GET /health status=200
2025-09-26 19:51:49,104 INFO main - MCP CALL GET /health q={} body=b''
2025-09-26 19:51:49,105 INFO main - MCP RESP GET /health status=200
2025-09-26 19:52:19,243 INFO main - MCP CALL GET /health q={} body=b''
2025-09-26 19:52:19,244 INFO main - MCP RESP GET /health status=200
2025-09-26 19:52:49,375 INFO main - MCP CALL GET /health q={} body=b''
2025-09-26 19:52:49,376 INFO main - MCP RESP GET /health status=200
2025-09-26 19:53:19,508 INFO main - MCP CALL GET /health q={} body=b''
2025-09-26 19:53:19,509 INFO main - MCP RESP GET /health status=200
2025-09-26 19:53:49,660 INFO main - MCP CALL GET /health q={} body=b''
2025-09-26 19:53:49,661 INFO main - MCP RESP GET /health status=200
2025-09-26 19:54:19,793 INFO main - MCP CALL GET /health q={} body=b''
2025-09-26 19:54:19,794 INFO main - MCP RESP GET /health status=200
2025-09-26 19:54:49,919 INFO main - MCP CALL GET /health q={} body=b''
2025-09-26 19:54:49,919 INFO main - MCP RESP GET /health status=200
2025-09-26 19:55:20,049 INFO main - MCP CALL GET /health q={} body=b''
2025-09-26 19:55:20,050 INFO main - MCP RESP GET /health status=200
2025-09-26 19:55:50,167 INFO main - MCP CALL GET /health q={} body=b''
2025-09-26 19:55:50,168 INFO main - MCP RESP GET /health status=200
2025-09-26 19:56:20,300 INFO main - MCP CALL GET /health q={} body=b''
2025-09-26 19:56:20,301 INFO main - MCP RESP GET /health status=200
2025-09-26 19:56:50,426 INFO main - MCP CALL GET /health q={} body=b''
2025-09-26 19:56:50,427 INFO main - MCP RESP GET /health status=200
2025-09-26 19:57:20,551 INFO main - MCP CALL GET /health q={} body=b''
2025-09-26 19:57:20,552 INFO main - MCP RESP GET /health status=200
2025-09-26 19:57:50,678 INFO main - MCP CALL GET /health q={} body=b''
2025-09-26 19:57:50,679 INFO main - MCP RESP GET /health status=200
2025-09-26 19:58:20,776 INFO main - MCP CALL GET /health q={} body=b''
2025-09-26 19:58:20,777 INFO main - MCP RESP GET /health status=200
2025-09-26 19:58:50,917 INFO main - MCP CALL GET /health q={} body=b''
2025-09-26 19:58:50,918 INFO main - MCP RESP GET /health status=200
2025-09-26 19:59:21,050 INFO main - MCP CALL GET /health q={} body=b''
2025-09-26 19:59:21,051 INFO main - MCP RESP GET /health status=200
2025-09-26 19:59:51,170 INFO main - MCP CALL GET /health q={} body=b''
2025-09-26 19:59:51,171 INFO main - MCP RESP GET /health status=200
2025-09-26 20:00:21,314 INFO main - MCP CALL GET /health q={} body=b''
2025-09-26 20:00:21,315 INFO main - MCP RESP GET /health status=200
2025-09-26 20:00:51,427 INFO main - MCP CALL GET /health q={} body=b''
2025-09-26 20:00:51,428 INFO main - MCP RESP GET /health status=200
2025-09-26 20:01:21,570 INFO main - MCP CALL GET /health q={} body=b''
2025-09-26 20:01:21,571 INFO main - MCP RESP GET /health status=200
2025-09-26 20:01:51,708 INFO main - MCP CALL GET /health q={} body=b''
2025-09-26 20:01:51,709 INFO main - MCP RESP GET /health status=200
2025-09-26 20:02:21,827 INFO main - MCP CALL GET /health q={} body=b''
2025-09-26 20:02:21,828 INFO main - MCP RESP GET /health status=200
2025-09-26 20:02:51,964 INFO main - MCP CALL GET /health q={} body=b''
2025-09-26 20:02:51,965 INFO main - MCP RESP GET /health status=200
2025-09-26 20:03:22,123 INFO main - MCP CALL GET /health q={} body=b''
2025-09-26 20:03:22,124 INFO main - MCP RESP GET /health status=200
2025-09-26 20:03:52,250 INFO main - MCP CALL GET /health q={} body=b''
2025-09-26 20:03:52,251 INFO main - MCP RESP GET /health status=200
2025-09-26 20:04:22,384 INFO main - MCP CALL GET /health q={} body=b''
2025-09-26 20:04:22,385 INFO main - MCP RESP GET /health status=200
2025-09-26 20:04:52,526 INFO main - MCP CALL GET /health q={} body=b''
2025-09-26 20:04:52,527 INFO main - MCP RESP GET /health status=200
2025-09-26 20:05:22,659 INFO main - MCP CALL GET /health q={} body=b''
2025-09-26 20:05:22,660 INFO main - MCP RESP GET /health status=200
2025-09-26 20:05:52,793 INFO main - MCP CALL GET /health q={} body=b''
2025-09-26 20:05:52,793 INFO main - MCP RESP GET /health status=200
2025-09-26 20:06:22,945 INFO main - MCP CALL GET /health q={} body=b''
2025-09-26 20:06:22,946 INFO main - MCP RESP GET /health status=200
2025-09-26 20:06:53,090 INFO main - MCP CALL GET /health q={} body=b''
2025-09-26 20:06:53,091 INFO main - MCP RESP GET /health status=200
2025-09-26 20:07:23,235 INFO main - MCP CALL GET /health q={} body=b''
2025-09-26 20:07:23,236 INFO main - MCP RESP GET /health status=200
2025-09-26 20:07:53,366 INFO main - MCP CALL GET /health q={} body=b''
2025-09-26 20:07:53,367 INFO main - MCP RESP GET /health status=200
2025-09-26 20:08:23,500 INFO main - MCP CALL GET /health q={} body=b''
2025-09-26 20:08:23,501 INFO main - MCP RESP GET /health status=200
2025-09-26 20:08:53,638 INFO main - MCP CALL GET /health q={} body=b''
2025-09-26 20:08:53,639 INFO main - MCP RESP GET /health status=200
2025-09-26 20:09:23,775 INFO main - MCP CALL GET /health q={} body=b''
2025-09-26 20:09:23,775 INFO main - MCP RESP GET /health status=200
2025-09-26 20:09:53,919 INFO main - MCP CALL GET /health q={} body=b''
2025-09-26 20:09:53,920 INFO main - MCP RESP GET /health status=200
2025-09-26 20:10:24,041 INFO main - MCP CALL GET /health q={} body=b''
2025-09-26 20:10:24,046 INFO main - MCP RESP GET /health status=200
2025-09-26 20:10:54,189 INFO main - MCP CALL GET /health q={} body=b''
2025-09-26 20:10:54,190 INFO main - MCP RESP GET /health status=200
2025-09-26 20:11:24,309 INFO main - MCP CALL GET /health q={} body=b''
2025-09-26 20:11:24,310 INFO main - MCP RESP GET /health status=200
2025-09-26 20:11:54,458 INFO main - MCP CALL GET /health q={} body=b''
2025-09-26 20:11:54,459 INFO main - MCP RESP GET /health status=200
2025-09-26 20:12:24,582 INFO main - MCP CALL GET /health q={} body=b''
2025-09-26 20:12:24,583 INFO main - MCP RESP GET /health status=200
2025-09-26 20:12:54,714 INFO main - MCP CALL GET /health q={} body=b''
2025-09-26 20:12:54,715 INFO main - MCP RESP GET /health status=200
2025-09-26 20:13:24,830 INFO main - MCP CALL GET /health q={} body=b''
2025-09-26 20:13:24,830 INFO main - MCP RESP GET /health status=200
2025-09-26 20:13:54,950 INFO main - MCP CALL GET /health q={} body=b''
2025-09-26 20:13:54,950 INFO main - MCP RESP GET /health status=200
2025-09-26 20:14:25,110 INFO main - MCP CALL GET /health q={} body=b''
2025-09-26 20:14:25,111 INFO main - MCP RESP GET /health status=200
2025-09-26 20:14:55,246 INFO main - MCP CALL GET /health q={} body=b''
2025-09-26 20:14:55,247 INFO main - MCP RESP GET /health status=200
2025-09-26 20:15:25,370 INFO main - MCP CALL GET /health q={} body=b''
2025-09-26 20:15:25,371 INFO main - MCP RESP GET /health status=200
2025-09-26 20:15:55,489 INFO main - MCP CALL GET /health q={} body=b''
2025-09-26 20:15:55,494 INFO main - MCP RESP GET /health status=200
2025-09-26 20:16:25,615 INFO main - MCP CALL GET /health q={} body=b''
2025-09-26 20:16:25,616 INFO main - MCP RESP GET /health status=200
2025-09-26 20:16:55,756 INFO main - MCP CALL GET /health q={} body=b''
2025-09-26 20:16:55,757 INFO main - MCP RESP GET /health status=200
2025-09-26 20:17:25,890 INFO main - MCP CALL GET /health q={} body=b''
2025-09-26 20:17:25,891 INFO main - MCP RESP GET /health status=200
2025-09-26 20:17:56,015 INFO main - MCP CALL GET /health q={} body=b''
2025-09-26 20:17:56,016 INFO main - MCP RESP GET /health status=200
2025-09-26 20:18:26,147 INFO main - MCP CALL GET /health q={} body=b''
2025-09-26 20:18:26,148 INFO main - MCP RESP GET /health status=200
2025-09-26 20:18:56,266 INFO main - MCP CALL GET /health q={} body=b''
2025-09-26 20:18:56,267 INFO main - MCP RESP GET /health status=200
2025-09-26 20:19:26,395 INFO main - MCP CALL GET /health q={} body=b''
2025-09-26 20:19:26,399 INFO main - MCP RESP GET /health status=200
2025-09-26 20:19:56,540 INFO main - MCP CALL GET /health q={} body=b''
2025-09-26 20:19:56,541 INFO main - MCP RESP GET /health status=200
2025-09-26 20:20:26,672 INFO main - MCP CALL GET /health q={} body=b''
2025-09-26 20:20:26,672 INFO main - MCP RESP GET /health status=200
2025-09-26 20:20:56,791 INFO main - MCP CALL GET /health q={} body=b''
2025-09-26 20:20:56,792 INFO main - MCP RESP GET /health status=200
2025-09-26 20:21:26,903 INFO main - MCP CALL GET /health q={} body=b''
2025-09-26 20:21:26,904 INFO main - MCP RESP GET /health status=200
2025-09-26 20:21:57,074 INFO main - MCP CALL GET /health q={} body=b''
2025-09-26 20:21:57,075 INFO main - MCP RESP GET /health status=200
2025-09-26 20:22:27,216 INFO main - MCP CALL GET /health q={} body=b''
2025-09-26 20:22:27,217 INFO main - MCP RESP GET /health status=200
2025-09-26 20:22:57,344 INFO main - MCP CALL GET /health q={} body=b''
2025-09-26 20:22:57,345 INFO main - MCP RESP GET /health status=200
2025-09-26 20:23:27,479 INFO main - MCP CALL GET /health q={} body=b''
2025-09-26 20:23:27,480 INFO main - MCP RESP GET /health status=200
2025-09-26 20:23:57,619 INFO main - MCP CALL GET /health q={} body=b''
2025-09-26 20:23:57,620 INFO main - MCP RESP GET /health status=200
2025-09-26 20:24:27,766 INFO main - MCP CALL GET /health q={} body=b''
2025-09-26 20:24:27,767 INFO main - MCP RESP GET /health status=200
2025-09-26 20:24:57,886 INFO main - MCP CALL GET /health q={} body=b''
2025-09-26 20:24:57,887 INFO main - MCP RESP GET /health status=200
2025-09-26 20:25:28,002 INFO main - MCP CALL GET /health q={} body=b''
2025-09-26 20:25:28,003 INFO main - MCP RESP GET /health status=200
2025-09-26 20:25:58,122 INFO main - MCP CALL GET /health q={} body=b''
2025-09-26 20:25:58,123 INFO main - MCP RESP GET /health status=200
2025-09-26 20:26:28,255 INFO main - MCP CALL GET /health q={} body=b''
2025-09-26 20:26:28,255 INFO main - MCP RESP GET /health status=200
2025-09-26 20:26:58,353 INFO main - MCP CALL GET /health q={} body=b''
2025-09-26 20:26:58,355 INFO main - MCP RESP GET /health status=200
2025-09-26 20:27:28,467 INFO main - MCP CALL GET /health q={} body=b''
2025-09-26 20:27:28,468 INFO main - MCP RESP GET /health status=200
2025-09-26 20:27:58,590 INFO main - MCP CALL GET /health q={} body=b''
2025-09-26 20:27:58,591 INFO main - MCP RESP GET /health status=200
2025-09-26 20:28:28,732 INFO main - MCP CALL GET /health q={} body=b''
2025-09-26 20:28:28,733 INFO main - MCP RESP GET /health status=200
2025-09-26 20:28:58,856 INFO main - MCP CALL GET /health q={} body=b''
2025-09-26 20:28:58,856 INFO main - MCP RESP GET /health status=200
2025-09-26 20:29:28,983 INFO main - MCP CALL GET /health q={} body=b''
2025-09-26 20:29:28,984 INFO main - MCP RESP GET /health status=200
2025-09-26 20:29:59,109 INFO main - MCP CALL GET /health q={} body=b''
2025-09-26 20:29:59,114 INFO main - MCP RESP GET /health status=200
2025-09-26 20:30:29,238 INFO main - MCP CALL GET /health q={} body=b''
2025-09-26 20:30:29,239 INFO main - MCP RESP GET /health status=200
2025-09-26 20:30:59,375 INFO main - MCP CALL GET /health q={} body=b''
2025-09-26 20:30:59,376 INFO main - MCP RESP GET /health status=200
2025-09-26 20:31:29,513 INFO main - MCP CALL GET /health q={} body=b''
2025-09-26 20:31:29,514 INFO main - MCP RESP GET /health status=200
2025-09-26 20:31:59,627 INFO main - MCP CALL GET /health q={} body=b''
2025-09-26 20:31:59,628 INFO main - MCP RESP GET /health status=200
2025-09-26 20:32:29,752 INFO main - MCP CALL GET /health q={} body=b''
2025-09-26 20:32:29,753 INFO main - MCP RESP GET /health status=200
2025-09-26 20:32:59,883 INFO main - MCP CALL GET /health q={} body=b''
2025-09-26 20:32:59,884 INFO main - MCP RESP GET /health status=200
2025-09-26 20:33:29,998 INFO main - MCP CALL GET /health q={} body=b''
2025-09-26 20:33:29,999 INFO main - MCP RESP GET /health status=200
2025-09-26 20:34:00,135 INFO main - MCP CALL GET /health q={} body=b''
2025-09-26 20:34:00,136 INFO main - MCP RESP GET /health status=200
2025-09-26 20:34:30,259 INFO main - MCP CALL GET /health q={} body=b''
2025-09-26 20:34:30,260 INFO main - MCP RESP GET /health status=200
2025-09-26 20:35:00,395 INFO main - MCP CALL GET /health q={} body=b''
2025-09-26 20:35:00,396 INFO main - MCP RESP GET /health status=200
2025-09-26 20:35:30,536 INFO main - MCP CALL GET /health q={} body=b''
2025-09-26 20:35:30,536 INFO main - MCP RESP GET /health status=200
2025-09-26 20:36:00,658 INFO main - MCP CALL GET /health q={} body=b''
2025-09-26 20:36:00,659 INFO main - MCP RESP GET /health status=200
2025-09-26 20:36:30,791 INFO main - MCP CALL GET /health q={} body=b''
2025-09-26 20:36:30,792 INFO main - MCP RESP GET /health status=200
2025-09-26 20:37:00,914 INFO main - MCP CALL GET /health q={} body=b''
2025-09-26 20:37:00,915 INFO main - MCP RESP GET /health status=200
2025-09-26 20:37:31,031 INFO main - MCP CALL GET /health q={} body=b''
2025-09-26 20:37:31,032 INFO main - MCP RESP GET /health status=200
2025-09-26 20:38:01,137 INFO main - MCP CALL GET /health q={} body=b''
2025-09-26 20:38:01,137 INFO main - MCP RESP GET /health status=200
2025-09-26 20:38:31,267 INFO main - MCP CALL GET /health q={} body=b''
2025-09-26 20:38:31,268 INFO main - MCP RESP GET /health status=200
2025-09-26 20:39:01,375 INFO main - MCP CALL GET /health q={} body=b''
2025-09-26 20:39:01,375 INFO main - MCP RESP GET /health status=200
2025-09-26 20:39:31,484 INFO main - MCP CALL GET /health q={} body=b''
2025-09-26 20:39:31,485 INFO main - MCP RESP GET /health status=200
2025-09-26 20:40:01,615 INFO main - MCP CALL GET /health q={} body=b''
2025-09-26 20:40:01,616 INFO main - MCP RESP GET /health status=200
2025-09-26 20:40:31,742 INFO main - MCP CALL GET /health q={} body=b''
2025-09-26 20:40:31,743 INFO main - MCP RESP GET /health status=200
2025-09-26 20:41:01,869 INFO main - MCP CALL GET /health q={} body=b''
2025-09-26 20:41:01,869 INFO main - MCP RESP GET /health status=200
2025-09-26 20:41:31,989 INFO main - MCP CALL GET /health q={} body=b''
2025-09-26 20:41:31,989 INFO main - MCP RESP GET /health status=200
2025-09-26 20:42:02,124 INFO main - MCP CALL GET /health q={} body=b''
2025-09-26 20:42:02,125 INFO main - MCP RESP GET /health status=200
2025-09-26 20:42:32,253 INFO main - MCP CALL GET /health q={} body=b''
2025-09-26 20:42:32,254 INFO main - MCP RESP GET /health status=200
2025-09-26 20:43:02,375 INFO main - MCP CALL GET /health q={} body=b''
2025-09-26 20:43:02,376 INFO main - MCP RESP GET /health status=200
2025-09-26 20:43:32,503 INFO main - MCP CALL GET /health q={} body=b''
2025-09-26 20:43:32,504 INFO main - MCP RESP GET /health status=200
2025-09-26 20:44:02,637 INFO main - MCP CALL GET /health q={} body=b''
2025-09-26 20:44:02,638 INFO main - MCP RESP GET /health status=200
2025-09-26 20:44:32,745 INFO main - MCP CALL GET /health q={} body=b''
2025-09-26 20:44:32,745 INFO main - MCP RESP GET /health status=200
2025-09-26 20:45:02,968 INFO main - MCP CALL GET /health q={} body=b''
2025-09-26 20:45:02,969 INFO main - MCP RESP GET /health status=200
2025-09-26 20:45:33,097 INFO main - MCP CALL GET /health q={} body=b''
2025-09-26 20:45:33,097 INFO main - MCP RESP GET /health status=200
2025-09-26 20:46:03,245 INFO main - MCP CALL GET /health q={} body=b''
2025-09-26 20:46:03,245 INFO main - MCP RESP GET /health status=200
2025-09-26 20:46:33,379 INFO main - MCP CALL GET /health q={} body=b''
2025-09-26 20:46:33,379 INFO main - MCP RESP GET /health status=200
2025-09-26 20:47:03,492 INFO main - MCP CALL GET /health q={} body=b''
2025-09-26 20:47:03,493 INFO main - MCP RESP GET /health status=200
2025-09-26 20:47:33,607 INFO main - MCP CALL GET /health q={} body=b''
2025-09-26 20:47:33,608 INFO main - MCP RESP GET /health status=200
2025-09-26 20:48:03,736 INFO main - MCP CALL GET /health q={} body=b''
2025-09-26 20:48:03,737 INFO main - MCP RESP GET /health status=200
2025-09-26 20:48:33,869 INFO main - MCP CALL GET /health q={} body=b''
2025-09-26 20:48:33,870 INFO main - MCP RESP GET /health status=200
2025-09-26 20:49:03,991 INFO main - MCP CALL GET /health q={} body=b''
2025-09-26 20:49:03,992 INFO main - MCP RESP GET /health status=200
2025-09-26 20:49:34,125 INFO main - MCP CALL GET /health q={} body=b''
2025-09-26 20:49:34,125 INFO main - MCP RESP GET /health status=200
2025-09-26 20:50:04,244 INFO main - MCP CALL GET /health q={} body=b''
2025-09-26 20:50:04,245 INFO main - MCP RESP GET /health status=200
2025-09-26 20:50:34,360 INFO main - MCP CALL GET /health q={} body=b''
2025-09-26 20:50:34,360 INFO main - MCP RESP GET /health status=200
2025-09-26 20:51:04,499 INFO main - MCP CALL GET /health q={} body=b''
2025-09-26 20:51:04,500 INFO main - MCP RESP GET /health status=200
2025-09-26 20:51:34,628 INFO main - MCP CALL GET /health q={} body=b''
2025-09-26 20:51:34,629 INFO main - MCP RESP GET /health status=200
2025-09-26 20:52:04,863 INFO main - MCP CALL GET /health q={} body=b''
2025-09-26 20:52:04,864 INFO main - MCP RESP GET /health status=200
2025-09-26 20:52:34,979 INFO main - MCP CALL GET /health q={} body=b''
2025-09-26 20:52:34,980 INFO main - MCP RESP GET /health status=200
2025-09-26 20:53:05,127 INFO main - MCP CALL GET /health q={} body=b''
2025-09-26 20:53:05,128 INFO main - MCP RESP GET /health status=200
2025-09-26 20:53:35,253 INFO main - MCP CALL GET /health q={} body=b''
2025-09-26 20:53:35,258 INFO main - MCP RESP GET /health status=200
2025-09-26 20:54:05,389 INFO main - MCP CALL GET /health q={} body=b''
2025-09-26 20:54:05,389 INFO main - MCP RESP GET /health status=200
2025-09-26 20:54:35,523 INFO main - MCP CALL GET /health q={} body=b''
2025-09-26 20:54:35,524 INFO main - MCP RESP GET /health status=200
2025-09-26 20:55:05,662 INFO main - MCP CALL GET /health q={} body=b''
2025-09-26 20:55:05,663 INFO main - MCP RESP GET /health status=200
2025-09-26 20:55:35,788 INFO main - MCP CALL GET /health q={} body=b''
2025-09-26 20:55:35,788 INFO main - MCP RESP GET /health status=200
2025-09-26 20:56:05,911 INFO main - MCP CALL GET /health q={} body=b''
2025-09-26 20:56:05,911 INFO main - MCP RESP GET /health status=200
2025-09-26 20:56:36,038 INFO main - MCP CALL GET /health q={} body=b''
2025-09-26 20:56:36,039 INFO main - MCP RESP GET /health status=200
2025-09-26 20:57:06,151 INFO main - MCP CALL GET /health q={} body=b''
2025-09-26 20:57:06,152 INFO main - MCP RESP GET /health status=200
2025-09-26 20:57:36,285 INFO main - MCP CALL GET /health q={} body=b''
2025-09-26 20:57:36,286 INFO main - MCP RESP GET /health status=200
2025-09-26 20:58:06,450 INFO main - MCP CALL GET /health q={} body=b''
2025-09-26 20:58:06,451 INFO main - MCP RESP GET /health status=200
2025-09-26 20:58:36,580 INFO main - MCP CALL GET /health q={} body=b''
2025-09-26 20:58:36,581 INFO main - MCP RESP GET /health status=200
2025-09-26 20:59:06,703 INFO main - MCP CALL GET /health q={} body=b''
2025-09-26 20:59:06,704 INFO main - MCP RESP GET /health status=200
2025-09-26 20:59:36,811 INFO main - MCP CALL GET /health q={} body=b''
2025-09-26 20:59:36,812 INFO main - MCP RESP GET /health status=200
2025-09-26 21:00:06,959 INFO main - MCP CALL GET /health q={} body=b''
2025-09-26 21:00:06,960 INFO main - MCP RESP GET /health status=200
2025-09-26 21:00:37,070 INFO main - MCP CALL GET /health q={} body=b''
2025-09-26 21:00:37,071 INFO main - MCP RESP GET /health status=200
2025-09-26 21:01:07,210 INFO main - MCP CALL GET /health q={} body=b''
2025-09-26 21:01:07,215 INFO main - MCP RESP GET /health status=200
2025-09-26 21:01:37,346 INFO main - MCP CALL GET /health q={} body=b''
2025-09-26 21:01:37,347 INFO main - MCP RESP GET /health status=200
2025-09-26 21:02:07,495 INFO main - MCP CALL GET /health q={} body=b''
2025-09-26 21:02:07,496 INFO main - MCP RESP GET /health status=200
2025-09-26 21:02:37,637 INFO main - MCP CALL GET /health q={} body=b''
2025-09-26 21:02:37,638 INFO main - MCP RESP GET /health status=200
2025-09-26 21:03:07,779 INFO main - MCP CALL GET /health q={} body=b''
2025-09-26 21:03:07,780 INFO main - MCP RESP GET /health status=200
2025-09-26 21:03:37,911 INFO main - MCP CALL GET /health q={} body=b''
2025-09-26 21:03:37,912 INFO main - MCP RESP GET /health status=200
2025-09-26 21:04:08,033 INFO main - MCP CALL GET /health q={} body=b''
2025-09-26 21:04:08,034 INFO main - MCP RESP GET /health status=200
2025-09-26 21:04:38,148 INFO main - MCP CALL GET /health q={} body=b''
2025-09-26 21:04:38,149 INFO main - MCP RESP GET /health status=200
2025-09-26 21:05:08,276 INFO main - MCP CALL GET /health q={} body=b''
2025-09-26 21:05:08,279 INFO main - MCP RESP GET /health status=200
2025-09-26 21:05:38,415 INFO main - MCP CALL GET /health q={} body=b''
2025-09-26 21:05:38,416 INFO main - MCP RESP GET /health status=200
2025-09-26 21:06:08,543 INFO main - MCP CALL GET /health q={} body=b''
2025-09-26 21:06:08,544 INFO main - MCP RESP GET /health status=200
2025-09-26 21:06:38,691 INFO main - MCP CALL GET /health q={} body=b''
2025-09-26 21:06:38,692 INFO main - MCP RESP GET /health status=200
2025-09-26 21:07:08,807 INFO main - MCP CALL GET /health q={} body=b''
2025-09-26 21:07:08,808 INFO main - MCP RESP GET /health status=200
2025-09-26 21:07:38,946 INFO main - MCP CALL GET /health q={} body=b''
2025-09-26 21:07:38,947 INFO main - MCP RESP GET /health status=200
2025-09-26 21:08:09,070 INFO main - MCP CALL GET /health q={} body=b''
2025-09-26 21:08:09,071 INFO main - MCP RESP GET /health status=200
2025-09-26 21:08:39,198 INFO main - MCP CALL GET /health q={} body=b''
2025-09-26 21:08:39,202 INFO main - MCP RESP GET /health status=200
2025-09-26 21:09:09,307 INFO main - MCP CALL GET /health q={} body=b''
2025-09-26 21:09:09,308 INFO main - MCP RESP GET /health status=200
2025-09-26 21:09:39,421 INFO main - MCP CALL GET /health q={} body=b''
2025-09-26 21:09:39,422 INFO main - MCP RESP GET /health status=200
2025-09-26 21:10:09,543 INFO main - MCP CALL GET /health q={} body=b''
2025-09-26 21:10:09,543 INFO main - MCP RESP GET /health status=200
2025-09-26 21:10:39,652 INFO main - MCP CALL GET /health q={} body=b''
2025-09-26 21:10:39,653 INFO main - MCP RESP GET /health status=200
2025-09-26 21:11:09,790 INFO main - MCP CALL GET /health q={} body=b''
2025-09-26 21:11:09,790 INFO main - MCP RESP GET /health status=200
2025-09-26 21:11:39,939 INFO main - MCP CALL GET /health q={} body=b''
2025-09-26 21:11:39,940 INFO main - MCP RESP GET /health status=200
2025-09-26 21:12:10,046 INFO main - MCP CALL GET /health q={} body=b''
2025-09-26 21:12:10,047 INFO main - MCP RESP GET /health status=200
2025-09-26 21:12:40,190 INFO main - MCP CALL GET /health q={} body=b''
2025-09-26 21:12:40,191 INFO main - MCP RESP GET /health status=200
2025-09-26 21:13:10,331 INFO main - MCP CALL GET /health q={} body=b''
2025-09-26 21:13:10,332 INFO main - MCP RESP GET /health status=200
2025-09-26 21:13:40,466 INFO main - MCP CALL GET /health q={} body=b''
2025-09-26 21:13:40,471 INFO main - MCP RESP GET /health status=200
2025-09-26 21:14:10,605 INFO main - MCP CALL GET /health q={} body=b''
2025-09-26 21:14:10,606 INFO main - MCP RESP GET /health status=200
2025-09-26 21:14:40,705 INFO main - MCP CALL GET /health q={} body=b''
2025-09-26 21:14:40,706 INFO main - MCP RESP GET /health status=200
2025-09-26 21:15:10,852 INFO main - MCP CALL GET /health q={} body=b''
2025-09-26 21:15:10,853 INFO main - MCP RESP GET /health status=200
2025-09-26 21:15:40,973 INFO main - MCP CALL GET /health q={} body=b''
2025-09-26 21:15:40,974 INFO main - MCP RESP GET /health status=200
2025-09-26 21:16:11,085 INFO main - MCP CALL GET /health q={} body=b''
2025-09-26 21:16:11,090 INFO main - MCP RESP GET /health status=200
2025-09-26 21:16:41,212 INFO main - MCP CALL GET /health q={} body=b''
2025-09-26 21:16:41,213 INFO main - MCP RESP GET /health status=200
2025-09-26 21:17:11,374 INFO main - MCP CALL GET /health q={} body=b''
2025-09-26 21:17:11,375 INFO main - MCP RESP GET /health status=200
2025-09-26 21:17:41,508 INFO main - MCP CALL GET /health q={} body=b''
2025-09-26 21:17:41,508 INFO main - MCP RESP GET /health status=200
2025-09-26 21:18:11,635 INFO main - MCP CALL GET /health q={} body=b''
2025-09-26 21:18:11,636 INFO main - MCP RESP GET /health status=200
2025-09-26 21:18:41,763 INFO main - MCP CALL GET /health q={} body=b''
2025-09-26 21:18:41,764 INFO main - MCP RESP GET /health status=200
2025-09-26 21:19:11,892 INFO main - MCP CALL GET /health q={} body=b''
2025-09-26 21:19:11,893 INFO main - MCP RESP GET /health status=200
2025-09-26 21:19:42,020 INFO main - MCP CALL GET /health q={} body=b''
2025-09-26 21:19:42,021 INFO main - MCP RESP GET /health status=200
2025-09-26 21:20:12,148 INFO main - MCP CALL GET /health q={} body=b''
2025-09-26 21:20:12,149 INFO main - MCP RESP GET /health status=200
2025-09-26 21:20:42,269 INFO main - MCP CALL GET /health q={} body=b''
2025-09-26 21:20:42,270 INFO main - MCP RESP GET /health status=200
2025-09-26 21:21:12,402 INFO main - MCP CALL GET /health q={} body=b''
2025-09-26 21:21:12,403 INFO main - MCP RESP GET /health status=200
2025-09-26 21:21:42,517 INFO main - MCP CALL GET /health q={} body=b''
2025-09-26 21:21:42,518 INFO main - MCP RESP GET /health status=200
2025-09-26 21:22:12,647 INFO main - MCP CALL GET /health q={} body=b''
2025-09-26 21:22:12,648 INFO main - MCP RESP GET /health status=200
2025-09-26 21:22:42,746 INFO main - MCP CALL GET /health q={} body=b''
2025-09-26 21:22:42,747 INFO main - MCP RESP GET /health status=200
2025-09-26 21:23:12,895 INFO main - MCP CALL GET /health q={} body=b''
2025-09-26 21:23:12,896 INFO main - MCP RESP GET /health status=200
2025-09-26 21:23:43,038 INFO main - MCP CALL GET /health q={} body=b''
2025-09-26 21:23:43,043 INFO main - MCP RESP GET /health status=200
2025-09-26 21:24:13,167 INFO main - MCP CALL GET /health q={} body=b''
2025-09-26 21:24:13,168 INFO main - MCP RESP GET /health status=200
2025-09-26 21:24:43,285 INFO main - MCP CALL GET /health q={} body=b''
2025-09-26 21:24:43,286 INFO main - MCP RESP GET /health status=200
2025-09-26 21:25:13,402 INFO main - MCP CALL GET /health q={} body=b''
2025-09-26 21:25:13,403 INFO main - MCP RESP GET /health status=200
2025-09-26 21:25:43,535 INFO main - MCP CALL GET /health q={} body=b''
2025-09-26 21:25:43,539 INFO main - MCP RESP GET /health status=200
2025-09-26 21:26:13,671 INFO main - MCP CALL GET /health q={} body=b''
2025-09-26 21:26:13,672 INFO main - MCP RESP GET /health status=200
2025-09-26 21:26:43,809 INFO main - MCP CALL GET /health q={} body=b''
2025-09-26 21:26:43,809 INFO main - MCP RESP GET /health status=200
2025-09-26 21:27:13,955 INFO main - MCP CALL GET /health q={} body=b''
2025-09-26 21:27:13,956 INFO main - MCP RESP GET /health status=200
2025-09-26 21:27:44,084 INFO main - MCP CALL GET /health q={} body=b''
2025-09-26 21:27:44,085 INFO main - MCP RESP GET /health status=200
2025-09-26 21:28:14,196 INFO main - MCP CALL GET /health q={} body=b''
2025-09-26 21:28:14,196 INFO main - MCP RESP GET /health status=200
2025-09-26 21:28:44,310 INFO main - MCP CALL GET /health q={} body=b''
2025-09-26 21:28:44,311 INFO main - MCP RESP GET /health status=200
2025-09-26 21:29:14,439 INFO main - MCP CALL GET /health q={} body=b''
2025-09-26 21:29:14,440 INFO main - MCP RESP GET /health status=200
2025-09-26 21:29:44,570 INFO main - MCP CALL GET /health q={} body=b''
2025-09-26 21:29:44,571 INFO main - MCP RESP GET /health status=200
2025-09-26 21:30:14,679 INFO main - MCP CALL GET /health q={} body=b''
2025-09-26 21:30:14,680 INFO main - MCP RESP GET /health status=200
2025-09-26 21:30:44,804 INFO main - MCP CALL GET /health q={} body=b''
2025-09-26 21:30:44,805 INFO main - MCP RESP GET /health status=200
2025-09-26 21:31:14,934 INFO main - MCP CALL GET /health q={} body=b''
2025-09-26 21:31:14,935 INFO main - MCP RESP GET /health status=200
2025-09-26 21:31:45,079 INFO main - MCP CALL GET /health q={} body=b''
2025-09-26 21:31:45,079 INFO main - MCP RESP GET /health status=200
2025-09-26 21:32:15,197 INFO main - MCP CALL GET /health q={} body=b''
2025-09-26 21:32:15,198 INFO main - MCP RESP GET /health status=200
2025-09-26 21:32:45,312 INFO main - MCP CALL GET /health q={} body=b''
2025-09-26 21:32:45,313 INFO main - MCP RESP GET /health status=200
2025-09-26 21:33:15,456 INFO main - MCP CALL GET /health q={} body=b''
2025-09-26 21:33:15,457 INFO main - MCP RESP GET /health status=200
2025-09-26 21:33:45,595 INFO main - MCP CALL GET /health q={} body=b''
2025-09-26 21:33:45,596 INFO main - MCP RESP GET /health status=200
2025-09-26 21:34:15,724 INFO main - MCP CALL GET /health q={} body=b''
2025-09-26 21:34:15,725 INFO main - MCP RESP GET /health status=200
2025-09-26 21:34:45,844 INFO main - MCP CALL GET /health q={} body=b''
2025-09-26 21:34:45,845 INFO main - MCP RESP GET /health status=200
2025-09-26 21:35:15,975 INFO main - MCP CALL GET /health q={} body=b''
2025-09-26 21:35:15,976 INFO main - MCP RESP GET /health status=200
2025-09-26 21:35:46,104 INFO main - MCP CALL GET /health q={} body=b''
2025-09-26 21:35:46,105 INFO main - MCP RESP GET /health status=200
2025-09-26 21:36:16,234 INFO main - MCP CALL GET /health q={} body=b''
2025-09-26 21:36:16,235 INFO main - MCP RESP GET /health status=200
2025-09-26 21:36:46,333 INFO main - MCP CALL GET /health q={} body=b''
2025-09-26 21:36:46,334 INFO main - MCP RESP GET /health status=200
2025-09-26 21:37:16,474 INFO main - MCP CALL GET /health q={} body=b''
2025-09-26 21:37:16,475 INFO main - MCP RESP GET /health status=200
2025-09-26 21:37:46,594 INFO main - MCP CALL GET /health q={} body=b''
2025-09-26 21:37:46,595 INFO main - MCP RESP GET /health status=200
2025-09-26 21:38:16,714 INFO main - MCP CALL GET /health q={} body=b''
2025-09-26 21:38:16,715 INFO main - MCP RESP GET /health status=200
2025-09-26 21:38:46,826 INFO main - MCP CALL GET /health q={} body=b''
2025-09-26 21:38:46,827 INFO main - MCP RESP GET /health status=200
2025-09-26 21:39:16,954 INFO main - MCP CALL GET /health q={} body=b''
2025-09-26 21:39:16,954 INFO main - MCP RESP GET /health status=200
2025-09-26 21:39:47,092 INFO main - MCP CALL GET /health q={} body=b''
2025-09-26 21:39:47,093 INFO main - MCP RESP GET /health status=200
2025-09-26 21:40:17,217 INFO main - MCP CALL GET /health q={} body=b''
2025-09-26 21:40:17,217 INFO main - MCP RESP GET /health status=200
2025-09-26 21:40:47,331 INFO main - MCP CALL GET /health q={} body=b''
2025-09-26 21:40:47,332 INFO main - MCP RESP GET /health status=200
2025-09-26 21:41:17,465 INFO main - MCP CALL GET /health q={} body=b''
2025-09-26 21:41:17,466 INFO main - MCP RESP GET /health status=200
2025-09-26 21:41:47,607 INFO main - MCP CALL GET /health q={} body=b''
2025-09-26 21:41:47,608 INFO main - MCP RESP GET /health status=200
2025-09-26 21:42:17,724 INFO main - MCP CALL GET /health q={} body=b''
2025-09-26 21:42:17,725 INFO main - MCP RESP GET /health status=200
2025-09-26 21:42:47,835 INFO main - MCP CALL GET /health q={} body=b''
2025-09-26 21:42:47,836 INFO main - MCP RESP GET /health status=200
2025-09-26 21:42:49,075 INFO main - MCP CALL GET /.well-known/openid-configuration q={} body=b''
2025-09-26 21:42:49,076 INFO main - MCP RESP GET /.well-known/openid-configuration status=404
2025-09-26 21:43:17,963 INFO main - MCP CALL GET /health q={} body=b''
2025-09-26 21:43:17,964 INFO main - MCP RESP GET /health status=200
2025-09-26 21:43:48,083 INFO main - MCP CALL GET /health q={} body=b''
2025-09-26 21:43:48,084 INFO main - MCP RESP GET /health status=200
2025-09-26 21:44:18,233 INFO main - MCP CALL GET /health q={} body=b''
2025-09-26 21:44:18,234 INFO main - MCP RESP GET /health status=200
2025-09-26 21:44:48,363 INFO main - MCP CALL GET /health q={} body=b''
2025-09-26 21:44:48,364 INFO main - MCP RESP GET /health status=200
2025-09-26 21:45:18,480 INFO main - MCP CALL GET /health q={} body=b''
2025-09-26 21:45:18,481 INFO main - MCP RESP GET /health status=200
2025-09-26 21:45:48,571 INFO main - MCP CALL GET /health q={} body=b''
2025-09-26 21:45:48,572 INFO main - MCP RESP GET /health status=200
2025-09-26 21:46:18,721 INFO main - MCP CALL GET /health q={} body=b''
2025-09-26 21:46:18,721 INFO main - MCP RESP GET /health status=200
2025-09-26 21:46:48,863 INFO main - MCP CALL GET /health q={} body=b''
2025-09-26 21:46:48,864 INFO main - MCP RESP GET /health status=200
2025-09-26 21:46:55,896 INFO main - MCP CALL GET /.well-known/openid-configuration q={} body=b''
2025-09-26 21:46:55,896 INFO main - MCP RESP GET /.well-known/openid-configuration status=404
2025-09-26 21:47:18,998 INFO main - MCP CALL GET /health q={} body=b''
2025-09-26 21:47:18,998 INFO main - MCP RESP GET /health status=200
2025-09-26 21:47:34,311 INFO main - MCP CALL GET /.well-known/openid-configuration q={} body=b''
2025-09-26 21:47:34,312 INFO main - MCP RESP GET /.well-known/openid-configuration status=404
2025-09-26 21:47:49,118 INFO main - MCP CALL GET /health q={} body=b''
2025-09-26 21:47:49,119 INFO main - MCP RESP GET /health status=200
2025-09-26 21:48:19,233 INFO main - MCP CALL GET /health q={} body=b''
2025-09-26 21:48:19,234 INFO main - MCP RESP GET /health status=200
2025-09-26 21:48:49,357 INFO main - MCP CALL GET /health q={} body=b''
2025-09-26 21:48:49,363 INFO main - MCP RESP GET /health status=200
2025-09-26 21:49:19,490 INFO main - MCP CALL GET /health q={} body=b''
2025-09-26 21:49:19,490 INFO main - MCP RESP GET /health status=200
2025-09-26 21:49:49,621 INFO main - MCP CALL GET /health q={} body=b''
2025-09-26 21:49:49,627 INFO main - MCP RESP GET /health status=200
2025-09-26 21:50:19,750 INFO main - MCP CALL GET /health q={} body=b''
2025-09-26 21:50:19,753 INFO main - MCP RESP GET /health status=200
2025-09-26 21:50:49,880 INFO main - MCP CALL GET /health q={} body=b''
2025-09-26 21:50:49,881 INFO main - MCP RESP GET /health status=200
2025-09-26 21:51:20,007 INFO main - MCP CALL GET /health q={} body=b''
2025-09-26 21:51:20,008 INFO main - MCP RESP GET /health status=200
2025-09-26 21:51:50,152 INFO main - MCP CALL GET /health q={} body=b''
2025-09-26 21:51:50,153 INFO main - MCP RESP GET /health status=200
2025-09-26 21:52:20,276 INFO main - MCP CALL GET /health q={} body=b''
2025-09-26 21:52:20,277 INFO main - MCP RESP GET /health status=200
2025-09-26 21:52:50,404 INFO main - MCP CALL GET /health q={} body=b''
2025-09-26 21:52:50,407 INFO main - MCP RESP GET /health status=200
2025-09-26 21:53:20,539 INFO main - MCP CALL GET /health q={} body=b''
2025-09-26 21:53:20,540 INFO main - MCP RESP GET /health status=200
2025-09-26 21:53:50,655 INFO main - MCP CALL GET /health q={} body=b''
2025-09-26 21:53:50,656 INFO main - MCP RESP GET /health status=200
2025-09-26 21:54:20,788 INFO main - MCP CALL GET /health q={} body=b''
2025-09-26 21:54:20,791 INFO main - MCP RESP GET /health status=200
2025-09-26 21:54:50,914 INFO main - MCP CALL GET /health q={} body=b''
2025-09-26 21:54:50,915 INFO main - MCP RESP GET /health status=200
2025-09-26 21:55:12,374 INFO main - MCP CALL GET /health q={} body=b''
2025-09-26 21:55:12,382 INFO main - MCP RESP GET /health status=200
2025-09-26 21:55:42,504 INFO main - MCP CALL GET /health q={} body=b''
2025-09-26 21:55:42,505 INFO main - MCP RESP GET /health status=200
2025-09-26 21:55:51,192 INFO main - MCP CALL GET /.well-known/oauth-protected-resource/mcp q={} body=b''
2025-09-26 21:55:51,193 INFO main - MCP RESP GET /.well-known/oauth-protected-resource/mcp status=200
2025-09-26 21:55:51,239 INFO main - MCP CALL GET /tools q={} body=b''
2025-09-26 21:55:51,240 INFO main - MCP RESP GET /tools status=401
2025-09-26 21:55:51,514 INFO main - MCP CALL GET /.well-known/oauth-protected-resource/mcp q={} body=b''
2025-09-26 21:55:51,515 INFO main - MCP RESP GET /.well-known/oauth-protected-resource/mcp status=200
2025-09-26 21:55:51,770 INFO main - MCP CALL GET /tools q={} body=b''
2025-09-26 21:55:51,771 INFO main - MCP RESP GET /tools status=401
2025-09-26 21:56:12,644 INFO main - MCP CALL GET /health q={} body=b''
2025-09-26 21:56:12,645 INFO main - MCP RESP GET /health status=200
2025-09-26 21:56:30,704 INFO main - MCP CALL GET /.well-known/oauth-protected-resource/mcp/ q={} body=b''
2025-09-26 21:56:30,705 INFO main - MCP RESP GET /.well-known/oauth-protected-resource/mcp/ status=200
2025-09-26 21:56:32,382 INFO main - MCP CALL GET /.well-known/oauth-protected-resource/mcp/ q={} body=b''
2025-09-26 21:56:32,382 INFO main - MCP RESP GET /.well-known/oauth-protected-resource/mcp/ status=200
2025-09-26 21:56:42,754 INFO main - MCP CALL GET /health q={} body=b''
2025-09-26 21:56:42,755 INFO main - MCP RESP GET /health status=200
2025-09-26 21:57:12,872 INFO main - MCP CALL GET /health q={} body=b''
2025-09-26 21:57:12,873 INFO main - MCP RESP GET /health status=200
2025-09-26 21:57:43,012 INFO main - MCP CALL GET /health q={} body=b''
2025-09-26 21:57:43,013 INFO main - MCP RESP GET /health status=200
2025-09-26 21:58:13,155 INFO main - MCP CALL GET /health q={} body=b''
2025-09-26 21:58:13,156 INFO main - MCP RESP GET /health status=200
2025-09-26 21:58:43,306 INFO main - MCP CALL GET /health q={} body=b''
2025-09-26 21:58:43,307 INFO main - MCP RESP GET /health status=200
2025-09-26 21:59:13,439 INFO main - MCP CALL GET /health q={} body=b''
2025-09-26 21:59:13,439 INFO main - MCP RESP GET /health status=200
2025-09-26 21:59:43,557 INFO main - MCP CALL GET /health q={} body=b''
2025-09-26 21:59:43,563 INFO main - MCP RESP GET /health status=200
2025-09-26 22:00:13,706 INFO main - MCP CALL GET /health q={} body=b''
2025-09-26 22:00:13,707 INFO main - MCP RESP GET /health status=200
2025-09-26 22:00:25,605 INFO main - MCP CALL GET /.well-known/oauth-protected-resource/mcp q={} body=b''
2025-09-26 22:00:25,606 INFO main - MCP RESP GET /.well-known/oauth-protected-resource/mcp status=200
2025-09-26 22:00:27,449 INFO main - MCP CALL GET /.well-known/oauth-protected-resource/mcp q={} body=b''
2025-09-26 22:00:27,449 INFO main - MCP RESP GET /.well-known/oauth-protected-resource/mcp status=200
2025-09-26 22:00:43,831 INFO main - MCP CALL GET /health q={} body=b''
2025-09-26 22:00:43,832 INFO main - MCP RESP GET /health status=200
2025-09-26 22:01:09,014 INFO main - MCP CALL GET /.well-known/oauth-protected-resource/mcp q={} body=b''
2025-09-26 22:01:09,015 INFO main - MCP RESP GET /.well-known/oauth-protected-resource/mcp status=200
2025-09-26 22:01:13,954 INFO main - MCP CALL GET /health q={} body=b''
2025-09-26 22:01:13,955 INFO main - MCP RESP GET /health status=200
2025-09-26 22:01:44,084 INFO main - MCP CALL GET /health q={} body=b''
2025-09-26 22:01:44,085 INFO main - MCP RESP GET /health status=200
2025-09-26 22:02:14,227 INFO main - MCP CALL GET /health q={} body=b''
2025-09-26 22:02:14,228 INFO main - MCP RESP GET /health status=200
2025-09-26 22:02:44,348 INFO main - MCP CALL GET /health q={} body=b''
2025-09-26 22:02:44,349 INFO main - MCP RESP GET /health status=200
2025-09-26 22:03:14,457 INFO main - MCP CALL GET /health q={} body=b''
2025-09-26 22:03:14,457 INFO main - MCP RESP GET /health status=200
2025-09-26 22:03:44,582 INFO main - MCP CALL GET /health q={} body=b''
2025-09-26 22:03:44,583 INFO main - MCP RESP GET /health status=200
2025-09-26 22:04:14,707 INFO main - MCP CALL GET /health q={} body=b''
2025-09-26 22:04:14,707 INFO main - MCP RESP GET /health status=200
2025-09-26 22:04:44,831 INFO main - MCP CALL GET /health q={} body=b''
2025-09-26 22:04:44,831 INFO main - MCP RESP GET /health status=200
2025-09-26 22:05:14,950 INFO main - MCP CALL GET /health q={} body=b''
2025-09-26 22:05:14,951 INFO main - MCP RESP GET /health status=200
2025-09-26 22:05:45,076 INFO main - MCP CALL GET /health q={} body=b''
2025-09-26 22:05:45,077 INFO main - MCP RESP GET /health status=200
2025-09-26 22:06:15,216 INFO main - MCP CALL GET /health q={} body=b''
2025-09-26 22:06:15,217 INFO main - MCP RESP GET /health status=200
2025-09-26 22:06:45,351 INFO main - MCP CALL GET /health q={} body=b''
2025-09-26 22:06:45,352 INFO main - MCP RESP GET /health status=200
2025-09-26 22:07:15,472 INFO main - MCP CALL GET /health q={} body=b''
2025-09-26 22:07:15,473 INFO main - MCP RESP GET /health status=200
2025-09-26 22:07:45,613 INFO main - MCP CALL GET /health q={} body=b''
2025-09-26 22:07:45,614 INFO main - MCP RESP GET /health status=200
2025-09-26 22:08:15,752 INFO main - MCP CALL GET /health q={} body=b''
2025-09-26 22:08:15,753 INFO main - MCP RESP GET /health status=200
2025-09-26 22:08:45,880 INFO main - MCP CALL GET /health q={} body=b''
2025-09-26 22:08:45,881 INFO main - MCP RESP GET /health status=200
2025-09-26 22:09:15,990 INFO main - MCP CALL GET /health q={} body=b''
2025-09-26 22:09:15,991 INFO main - MCP RESP GET /health status=200
2025-09-26 22:09:46,115 INFO main - MCP CALL GET /health q={} body=b''
2025-09-26 22:09:46,116 INFO main - MCP RESP GET /health status=200
2025-09-26 22:10:16,259 INFO main - MCP CALL GET /health q={} body=b''
2025-09-26 22:10:16,260 INFO main - MCP RESP GET /health status=200
2025-09-26 22:10:46,389 INFO main - MCP CALL GET /health q={} body=b''
2025-09-26 22:10:46,390 INFO main - MCP RESP GET /health status=200
2025-09-26 22:11:16,544 INFO main - MCP CALL GET /health q={} body=b''
2025-09-26 22:11:16,545 INFO main - MCP RESP GET /health status=200
2025-09-26 22:11:46,687 INFO main - MCP CALL GET /health q={} body=b''
2025-09-26 22:11:46,687 INFO main - MCP RESP GET /health status=200
2025-09-26 22:12:16,834 INFO main - MCP CALL GET /health q={} body=b''
2025-09-26 22:12:16,836 INFO main - MCP RESP GET /health status=200
2025-09-26 22:12:46,975 INFO main - MCP CALL GET /health q={} body=b''
2025-09-26 22:12:46,975 INFO main - MCP RESP GET /health status=200
2025-09-26 22:13:17,203 INFO main - MCP CALL GET /health q={} body=b''
2025-09-26 22:13:17,203 INFO main - MCP RESP GET /health status=200
